code,year,gdp,population,income,cpi
AFG,1960,537777811.911,8994793,0,0
AFG,1964,800000045.511,9728645,0,0
AFG,1968,1373333367.47,10599790,0,0
AFG,1972,1595555475.91,11716896,0,0
AFG,1976,2555555566.93,12831361,0,0
AFG,1980,3641723447.18,13211412,0,0
AFG,1984,0,11912510,0,0
AFG,1988,0,11375768,0,0
AFG,1992,0,13745630,0,0
AFG,1996,0,17481800,0,0
AFG,2000,0,19701940,0,0
AFG,2004,5285461999.34,23499850,0,0
AFG,2008,10190529882.5,26528741,7.989,30.555
AFG,2012,20536542736.7,29726803,9.888,7.218
ARE,1960,0,92612,0,0
ARE,1964,0,138220,0,0
ARE,1968,0,185312,0,0
ARE,1972,0,324069,0,0
ARE,1976,19213022856.1,622051,0,0
ARE,1980,43598747466.6,1016789,0,0
ARE,1984,41807954192.5,1280278,0,0
ARE,1988,36275674165.5,1613904,0,0
ARE,1992,54239171887.8,2019014,0,0
ARE,1996,73571233996.2,2467726,0,0
ARE,2000,104337372362,3050128,0,0
ARE,2004,147824370320,3975945,0,0
ARE,2008,315474615739,6900142,0,0
ARE,2012,373429543907,8952542,3.255,0
ARG,1960,0,20619075,0,27.298
ARG,1964,25605249376.7,21953926,0,22.197
ARG,1968,26436856814.3,23261273,0,16.21
ARG,1972,34733000397.5,24782950,0,58.446
ARG,1976,51169499978.7,26477153,0,443.966
ARG,1980,76961923741.4,28105889,0,100.764
ARG,1984,79092001998,29920907,0,626.719
ARG,1988,126206817196,31795515,0,342.955
ARG,1992,228788617202,33655149,0,24.9
ARG,1996,272149750000,35419683,0,0.156
ARG,2000,284203750000,37057453,0,-0.936
ARG,2004,164657930461,38728778,0,4.416
ARG,2008,363137495040,40381860,0,8.584
ARG,2012,548934618736,42095224,0,10.03
ARM,1960,0,1867396,0,0
ARM,1964,0,2138133,0,0
ARM,1968,0,2394635,0,0
ARM,1972,0,2643464,0,0
ARM,1976,0,2882831,0,0
ARM,1980,0,3096298,0,0
ARM,1984,0,3287588,0,0
ARM,1988,0,3510439,0,0
ARM,1992,1272577521.77,3449497,0,0
ARM,1996,1596968913.19,3173425,0,18.681
ARM,2000,1911563665.39,3076098,0,-0.791
ARM,2004,3576615240.42,3025982,18.198,6.961
ARM,2008,11662040713.9,2975029,22.86,8.95
ARM,2012,10619320048.6,2978339,22.598,2.555
AUS,1960,18567588755.7,10276477,0,3.793
AUS,1964,23754059805.1,11167000,0,2.361
AUS,1968,32641953186.2,12009000,0,2.653
AUS,1972,51928738317.8,13177000,20.443,5.865
AUS,1976,104815328375,14033000,22.631,13.524
AUS,1980,149654596100,14692000,22.752,10.127
AUS,1984,193197790255,15544000,23.612,3.95
AUS,1988,235771245634,16532200,25.664,7.232
AUS,1992,325253403061,17495000,22.723,0.986
AUS,1996,401335356601,18311000,0,2.612
AUS,2000,414951956290,19153000,25.96,4.475
AUS,2004,612695262484,20127400,26.602,2.344
AUS,2008,1054557743960,21249200,26.596,4.353
AUS,2012,1537477830480,22728254,23.656,1.763
AUT,1960,6592693841.19,7047539,0,1.946
AUT,1964,9169983885.71,7223801,0,3.869
AUT,1968,12440625312.9,7415403,0,2.773
AUT,1972,22006470861.4,7544201,27.808,6.362
AUT,1976,42856485617.9,7565525,29.343,7.319
AUT,1980,81861232822.8,7549433,32.482,6.325
AUT,1984,67821568599.1,7561434,33.438,5.665
AUT,1988,133018182771,7585317,33.688,1.931
AUT,1992,194608183696,7840709,34.881,4.03
AUT,1996,236720496491,7959017,43.69,1.844
AUT,2000,196421706283,8011566,43.305,2.395
AUT,2004,299857238639,8171966,43.473,2.061
AUT,2008,427611527757,8321496,43.565,3.216
AUT,2012,407373026612,8429991,43.947,2.486
AZE,1960,0,3897889,0,0
AZE,1964,0,4445653,0,0
AZE,1968,0,4950977,0,0
AZE,1972,0,5393176,0,0
AZE,1976,0,5789050,0,0
AZE,1980,0,6163990,0,0
AZE,1984,0,6568857,0,0
AZE,1988,0,6994139,0,0
AZE,1992,4991350457.54,7382000,0,-10.63
AZE,1996,3176749593.12,7763000,13.767,19.795
AZE,2000,5272617196.05,8048600,0,1.805
AZE,2004,8680511918.49,8306500,0,6.709
AZE,2008,48852482960.1,8763400,49.302,20.792
AZE,2012,68730906313.6,9295784,41.846,1.014
BDI,1960,195999990,2786740,0,0
BDI,1964,260750008,3011957,0,0
BDI,1968,183200000,3317315,0,6.057
BDI,1972,246804571.429,3547335,0,3.829
BDI,1976,448412753.623,3744696,0,6.857
BDI,1980,919726666.667,4126544,0,2.499
BDI,1984,987143931.167,4624617,0,14.317
BDI,1988,1082403219.49,5284173,0,4.487
BDI,1992,1083037670.61,5895131,18.098,1.823
BDI,1996,869033856.317,6333415,17.615,26.437
BDI,2000,870486065.883,6767073,0,24.318
BDI,2004,915257323.396,7661613,0,7.852
BDI,2008,1611634331.65,8821795,0,24.107
BDI,2012,2472384907,10124572,0,18.013
BEL,1960,11658722591,9153489,0,0.31
BEL,1964,15960106680.7,9378113,0,4.176
BEL,1968,21376353113.5,9618756,0,2.703
BEL,1972,37408626615.3,9711115,0,5.448
BEL,1976,71494607105.5,9818227,0,9.159
BEL,1980,127508322941,9859242,0,6.651
BEL,1984,83795759983.2,9855372,0,6.348
BEL,1988,163168007789,9901664,0,1.162
BEL,1992,236038607528,10045158,0,2.43
BEL,1996,281357654723,10156637,41.897,2.059
BEL,2000,237904919845,10251250,42.361,2.545
BEL,2004,370885274398,10421137,40.471,2.092
BEL,2008,518626043650,10709973,40.717,4.489
BEL,2012,497815990388,11128246,42.354,2.84
BGR,1960,0,7867374,0,0
BGR,1964,0,8144340,0,0
BGR,1968,0,8369603,0,0
BGR,1972,0,8576200,0,0
BGR,1976,0,8758599,0,0
BGR,1980,20039627960.3,8861535,0,0
BGR,1984,17411159923.2,8960679,0,0
BGR,1988,23002458744.8,8981446,0,2.37
BGR,1992,10350515463.9,8540164,35.629,91.298
BGR,1996,10109404159.6,8362826,31.596,121.608
BGR,2000,13148099185.2,8170172,32.284,10.316
BGR,2004,26094622563.6,7781161,35.306,6.346
BGR,2008,54666642734.3,7492561,33.189,12.349
BGR,2012,53576670827.9,7305888,28.47,2.955
BLR,1960,0,8198000,0,0
BLR,1964,0,8524224,0,0
BLR,1968,0,8874552,0,0
BLR,1972,0,9188968,0,0
BLR,1976,0,9411000,0,0
BLR,1980,0,9643000,0,0
BLR,1984,0,9910000,0,0
BLR,1988,0,10140000,0,0
BLR,1992,17022180272.2,10216000,31.476,0
BLR,1996,14756861538.5,10160000,30.532,52.712
BLR,2000,12736856485.1,10005000,28.681,168.62
BLR,2004,23141587717.8,9730000,31.436,18.108
BLR,2008,60752177438.9,9528000,38.892,14.838
BLR,2012,63615445566.8,9464000,29.985,59.22
BMU,1960,84466654.08,44400,0,0
BMU,1964,107566650.638,48900,0,0
BMU,1968,150000000,53000,0,0
BMU,1972,235400000,54200,0,0
BMU,1976,386300000,53200,0,0
BMU,1980,613299968,54670,0,0
BMU,1984,985699968,56423,0,0
BMU,1988,1415100032,58347,0,0
BMU,1992,1679900032,58595,0,0
BMU,1996,2695390000,60129,0,0
BMU,2000,3480219000,61833,0,0
BMU,2004,4484703000,63740,0,0
BMU,2008,6109928000,65273,0,0
BMU,2012,5537537000,64798,0,0
BRA,1960,15165569912.5,72493585,0,0
BRA,1964,21211892260,81751802,0,0
BRA,1968,33875881876.4,91213009,0,0
BRA,1972,58539008786.4,100844391,0,0
BRA,1976,152678020453,111076063,0,0
BRA,1980,235024598983,122199721,0,0
BRA,1984,209023912697,133950551,0,192.122
BRA,1988,330397381998,145150468,0,629.115
BRA,1992,400599250000,155379009,23.021,951.648
BRA,1996,850425828276,165303155,0,15.757
BRA,2000,655421153321,175786441,19.555,7.045
BRA,2004,669316239316,186116363,21.362,6.599
BRA,2008,1695824517400,194769696,25.837,5.663
BRA,2012,2460658440430,202401584,23.782,5.402
BRB,1960,0,230934,0,0
BRB,1964,0,234547,0,0
BRB,1968,0,237199,0,7.489
BRB,1972,0,241441,0,11.877
BRB,1976,0,247444,0,4.987
BRB,1980,1012280570.75,252197,0,14.431
BRB,1984,1346890012.85,255195,0,4.686
BRB,1988,1812757839.38,258524,0,4.859
BRB,1992,1957000000,262184,0,6.094
BRB,1996,2411872813.72,265940,0,2.386
BRB,2000,3121500000,269838,0,2.436
BRB,2004,3514500000,273091,28.048,1.394
BRB,2008,4595000000,277315,28.454,8.108
BRB,2012,4313000000,281580,27.731,4.533
CAN,1960,41093453544.9,17909009,0,1.312
CAN,1964,48882938810.2,19325000,0,1.792
CAN,1968,70759031841.7,20744000,0,4.086
CAN,1972,113082820992,21993631,0,4.775
CAN,1976,206575564402,23518000,0,7.508
CAN,1980,273853826377,24593000,0,10.183
CAN,1984,355372558104,25702000,0,4.339
CAN,1988,507354351182,26895000,0,4.023
CAN,1992,592387689253,28519597,20.682,1.506
CAN,1996,628546387972,29671900,19.785,1.571
CAN,2000,742293448253,30769700,20.934,2.719
CAN,2004,1023196003070,31995000,18.757,1.857
CAN,2008,1549131209000,33245773,17.72,2.37
CAN,2012,1824288757450,34751476,17.183,1.516
CHE,1960,9522746719.22,5327827,0,1.439
CHE,1964,14480556571.5,5789228,0,3.081
CHE,1968,18942729779.1,6067714,0,2.412
CHE,1972,0,6260956,0,6.66
CHE,1976,0,6302504,0,1.716
CHE,1980,118710309542,6319408,16.834,4.022
CHE,1984,106019113632,6441865,17.745,2.911
CHE,1988,208774024534,6593386,0,1.884
CHE,1992,271133679206,6875364,19.059,4.041
CHE,1996,329619351052,7071850,21.326,0.819
CHE,2000,271659728209,7184250,22.372,1.543
CHE,2004,393541693928,7389625,16.545,0.803
CHE,2008,551546962700,7647675,16.848,2.427
CHE,2012,665408300272,7996861,16.807,-0.693
CHL,1960,4211737000.76,7695692,0,11.564
CHL,1964,5794309263.24,8423614,0,45.98
CHL,1968,7074820185.61,9187592,0,26.631
CHL,1972,11532517864.1,9916558,29.133,77.805
CHL,1976,9857547846.74,10584237,29.376,211.924
CHL,1980,27572307600,11234340,31.993,35.138
CHL,1984,19232737055.2,11921407,28.727,19.86
CHL,1988,24640912615.8,12716508,21.82,14.684
CHL,1992,44467946384.2,13566942,21.537,15.426
CHL,1996,75769008174.3,14396020,21.183,7.359
CHL,2000,79328640263.8,15170387,20.503,3.843
CHL,2004,100630707852,15913119,20.916,1.055
CHL,2008,179626674542,16645940,24.506,8.716
CHL,2012,265231582123,17388437,22.267,3.007
CHN,1960,59184116489,667070000,0,0
CHN,1964,59062254890.2,698355000,0,0
CHN,1968,69993497892.3,774510000,0,0
CHN,1972,112159813640,862030000,0,0
CHN,1976,151627687364,930685000,0,0
CHN,1980,189649992464,981235000,0,0
CHN,1984,258082147252,1036825000,0,0
CHN,1988,310722213686,1101630000,0,18.736
CHN,1992,424934065934,1164970000,0,6.34
CHN,1996,860844098049,1217550000,0,8.324
CHN,2000,1205260678390,1262645000,0,0.255
CHN,2004,1941745602170,1296075000,0,3.884
CHN,2008,4558431073440,1324655000,11.164,5.864
CHN,2012,8461623162710,1350695000,0,2.625
CIV,1960,546203558.457,3474724,0,0
CIV,1964,921063326.293,4049675,0,0.618
CIV,1968,1281281277.98,4794399,0,5.35
CIV,1972,1849400398.25,5747633,0,0.31
CIV,1976,4662053819.63,6916302,0,12.077
CIV,1980,10175617589.1,8265549,0,14.701
CIV,1984,6841639250.22,9769105,0,4.285
CIV,1988,10255169812,11337122,0,6.931
CIV,1992,11152971316.1,13046907,0,4.231
CIV,1996,12139234938.8,14852193,0,2.481
CIV,2000,10717022462.7,16517948,0,2.531
CIV,2004,16554441846.5,17802516,15.148,1.458
CIV,2008,24224903099.6,19261647,16.838,6.309
CIV,2012,27040562587.2,21102641,16.26,1.305
CMR,1960,618740961.945,5361367,0,0
CMR,1964,782384403.97,5850454,0,0
CMR,1968,1053076992,6437157,0,0
CMR,1972,1430951432.47,7134374,0,8.093
CMR,1976,3076592633.83,7959500,0,9.931
CMR,1980,6740757493.22,8932121,0,9.552
CMR,1984,7801858400.99,10070779,0,11.373
CMR,1988,12493286837,11370394,0,1.682
CMR,1992,11396310990.2,12796739,15.52,-0.016
CMR,1996,9732328115.74,14317191,0,3.924
CMR,2000,9287367235.26,15927713,0,1.227
CMR,2004,15775357014.6,17667576,0,0.234
CMR,2008,23322254113.6,19570418,0,5.338
CMR,2012,26472056037.8,21659488,0,2.943
COL,1960,4040948304.74,16480384,0,5.814
COL,1964,5992169466.67,18581972,0,17.072
COL,1968,5918467519.18,20905061,0,7.448
COL,1972,8671371951.22,23146803,0,13.64
COL,1976,15341403660.5,25323412,0,20.117
COL,1980,33400712095,27737905,0,26.534
COL,1984,38253120738,30350082,0,16.155
COL,1988,39212545681.4,32975533,0,28.109
COL,1992,49279585355.1,35558683,0,27.023
COL,1996,97160111573.3,38049040,0,20.798
COL,2000,99886577575.5,40403959,15.494,9.221
COL,2004,117074865515,42724157,0,5.905
COL,2008,243982437871,44901660,21.74,6.997
COL,2012,369659700376,46881018,26.425,3.177
CRI,1960,507516613.03,1333042,0,0.79
CRI,1964,542578815.243,1537035,0,3.324
CRI,1968,773841494.34,1746870,0,4.094
CRI,1972,1238251652.84,1947048,15.215,4.601
CRI,1976,2412555511.82,2151492,17.605,3.486
CRI,1980,4831447173.21,2389309,17.8,18.126
CRI,1984,4593908761.58,2659772,17.783,11.951
CRI,1988,6063759370.63,2944560,19.087,20.826
CRI,1992,8573611050.19,3257463,19.53,21.788
CRI,1996,11843228539.8,3596733,20.464,17.522
CRI,2000,15946443103.3,3925450,20.864,10.993
CRI,2004,18596365927,4187039,22.326,12.315
CRI,2008,29837895769.1,4429506,25.196,13.423
CRI,2012,45300669857.5,4654148,24.357,4.504
CUB,1960,0,7141129,0,0
CUB,1964,0,7787149,0,0
CUB,1968,0,8413329,0,0
CUB,1972,8135150888.77,9025299,0,0
CUB,1976,13789579892.8,9544268,0,0
CUB,1980,19912889808.3,9835177,0,0
CUB,1984,24039383641.4,10017061,0,0
CUB,1988,27458999535.6,10379080,0,0
CUB,1992,22085858204.1,10735775,0,0
CUB,1996,25017300000,10955372,0,0
CUB,2000,30565200000,11116787,0,0
CUB,2004,38202800000,11240680,0,0
CUB,2008,60806300000,11290239,0,0
CUB,2012,73139050000,11342631,0,0
CZE,1960,0,9602006,0,0
CZE,1964,0,9727804,0,0
CZE,1968,0,9876346,0,0
CZE,1972,0,9867632,0,0
CZE,1976,0,10125939,0,0
CZE,1980,0,10304193,0,0
CZE,1984,0,10330213,0,0
CZE,1988,0,10355276,0,0
CZE,1992,34451993226,10319123,0,0
CZE,1996,66775046785.4,10315241,29.564,8.8
CZE,2000,61474265134.5,10255063,28.11,3.903
CZE,2004,118976023160,10197101,29.147,2.827
CZE,2008,235204812643,10384603,28.874,6.351
CZE,2012,206441578342,10510785,28.27,3.299
DEU,1960,0,72814900,0,0
DEU,1964,0,75318337,0,0
DEU,1968,0,77294314,0,0
DEU,1972,298667219346,78688452,21.627,0
DEU,1976,517787921004,78336950,23.001,0
DEU,1980,946695355821,78288576,24.591,0
DEU,1984,722367608343,77858685,25.489,0
DEU,1988,1395931548500,78144619,24.665,0
DEU,1992,2123130870380,80624598,29.652,5.077
DEU,1996,2503665193660,81914831,29.895,1.446
DEU,2000,1949953934030,82211508,29.848,1.471
DEU,2004,2819245095600,82516260,27.785,1.666
DEU,2008,3752365607150,82110097,27.667,2.628
DEU,2012,3539615377790,80425823,28.459,2.008
DJI,1960,0,83636,0,0
DJI,1964,0,107584,0,0
DJI,1968,0,140461,0,0
DJI,1972,0,179212,0,0
DJI,1976,0,248619,0,0
DJI,1980,0,358960,0,12.058
DJI,1984,0,404589,0,1.885
DJI,1988,395794554.127,523266,0,0
DJI,1992,478058304.871,627063,0,0
DJI,1996,494004647.734,673202,0,0
DJI,2000,551230861.857,722562,0,0
DJI,2004,666072101.778,767644,0,3.122
DJI,2008,999105339.268,809639,0,11.959
DJI,2012,1353632941.52,853069,0,3.731
DNK,1960,6248946880.28,4579603,0,1.255
DNK,1964,9506678762.78,4722072,0,3.093
DNK,1968,13196541952,4864883,0,7.954
DNK,1972,22966364108.6,4991596,33.328,6.562
DNK,1976,44401699735.3,5072596,29.798,9
DNK,1980,70867465285,5123027,33.233,12.305
DNK,1984,58673426983.8,5111619,35.947,6.322
DNK,1988,115111916809,5129516,38.964,4.55
DNK,1992,152690732178,5171370,36.797,2.102
DNK,1996,187632400366,5263074,39.122,2.111
DNK,2000,164158800460,5339616,38.478,2.925
DNK,2004,251242843551,5404523,38.526,1.16
DNK,2008,352591553716,5493621,40.176,3.399
DNK,2012,325012162410,5591572,40.803,2.398
DOM,1960,672399700,3294039,0,-3.562
DOM,1964,1025599900,3757962,0,2.107
DOM,1968,1079100000,4250026,0,0.036
DOM,1972,1987300000,4759935,17.521,8.641
DOM,1976,3951399900,5280727,15.615,7.766
DOM,1980,6631000100,5809271,14.242,16.753
DOM,1984,10330399700,6351572,12.04,20.152
DOM,1988,5374300243.26,6903314,14.122,43.864
DOM,1992,11277676880,7468551,12.666,4.259
DOM,1996,18131813000.6,8029114,11.823,5.399
DOM,2000,23996100575.5,8562623,13.98,7.724
DOM,2004,22039210346.1,9102997,14.247,51.461
DOM,2008,48152993004.3,9636491,15.557,10.645
DOM,2012,60595109805.1,10155036,14.595,3.695
DZA,1960,2723637614.73,11124892,0,0
DZA,1964,2909340109.86,12295973,0,0
DZA,1968,3852147120.95,13744383,0,0
DZA,1972,6761786485.49,15377095,0,3.656
DZA,1976,17728348385.2,17190236,0,9.431
DZA,1980,42345276289.7,19337723,0,9.518
DZA,1984,53698280328.2,21893857,0,8.116
DZA,1988,59089065518.2,24591493,0,5.912
DZA,1992,48003298223.1,27180921,0,31.67
DZA,1996,46941496779.8,29411839,32.107,18.679
DZA,2000,54790060512.9,31183658,38.272,0.339
DZA,2004,85324998959.3,32817225,36.631,3.962
DZA,2008,171000692135,34811059,47.19,4.863
DZA,2012,209047389600,37439427,0,8.895
ECU,1960,1010325138.03,4545548,0,1.677
ECU,1964,1156150890.06,5099470,0,4.034
ECU,1968,2582180794.19,5730908,0,4.318
ECU,1972,3185987234.84,6428707,0,7.882
ECU,1976,9091924304.83,7179399,0,10.671
ECU,1980,17881514682.9,7976449,0,13.049
ECU,1984,16912515183.3,8823746,0,31.23
ECU,1988,13051886552.3,9739179,0,58.216
ECU,1992,18094238119.1,10705670,17.119,54.341
ECU,1996,25226393196.6,11683480,0,24.373
ECU,2000,18327764882.4,12628596,0,96.094
ECU,2004,36591661000,13509645,0,2.742
ECU,2008,61762635000,14447600,0,8.401
ECU,2012,87924544000,15419493,0,5.101
ERI,1960,0,1407631,0,0
ERI,1964,0,1550297,0,0
ERI,1968,0,1713846,0,0
ERI,1972,0,1905406,0,0
ERI,1976,0,2128597,0,0
ERI,1980,0,2383858,0,0
ERI,1984,0,2675717,0,0
ERI,1988,0,3020278,0,0
ERI,1992,477101651.648,3160617,0,0
ERI,1996,693535954.19,3202598,0,0
ERI,2000,706370815.584,3535156,0,0
ERI,2004,1109054005.44,4064958,0,0
ERI,2008,1380188800,4500638,0,0
ERI,2012,0,0,0,0
ESP,1960,12072126075.4,30455000,0,1.209
ESP,1964,21343844643.7,31609195,0,6.95
ESP,1968,31475548481.4,33113134,0,4.963
ESP,1972,58971806627,34502705,17.993,8.289
ESP,1976,118185307386,35939437,18.906,17.629
ESP,1980,232134606637,37439035,22.033,15.55
ESP,1984,171635463362,38278575,23.603,11.274
ESP,1988,375138723325,38715849,27.545,4.84
ESP,1992,629202392004,39067745,29.235,5.926
ESP,1996,640998292395,39478186,29.837,3.559
ESP,2000,595402616547,40263216,18.458,3.433
ESP,2004,1069555500370,42921895,16.751,3.037
ESP,2008,1634989014210,45954106,14.946,4.076
ESP,2012,1339946773440,46773055,14.265,2.446
EST,1960,0,1211537,0,0
EST,1964,0,1277086,0,0
EST,1968,0,1331214,0,0
EST,1972,0,1392518,0,0
EST,1976,0,1439576,0,0
EST,1980,0,1477219,0,0
EST,1984,0,1518617,0,0
EST,1988,0,1561900,0,0
EST,1992,0,1533091,0,0
EST,1996,4746104825.07,1415594,2.327,23.05
EST,2000,5685773518.84,1396985,1.997,4.02
EST,2004,12059204968.9,1362550,2.017,3.048
EST,2008,24194038377,1337090,1.977,10.366
EST,2012,23135266649.1,1322696,2.106,3.935
ETH,1960,0,22151218,0,0
ETH,1964,0,24396965,0,0
ETH,1968,0,26945459,0,0.183
ETH,1972,0,30135007,0,-6.082
ETH,1976,0,33144537,0,28.538
ETH,1980,0,35239974,0,4.483
ETH,1984,8096302368.78,39493503,0,8.417
ETH,1988,10908935748.8,44908705,0,7.081
ETH,1992,10492993077.6,51602776,7.426,10.527
ETH,1996,8547939730.62,59076414,12.569,-8.484
ETH,2000,8242392103.68,66443603,0,0.662
ETH,2004,10131187261.4,74506974,11.904,3.256
ETH,2008,27066912635.2,83079608,10.143,44.391
ETH,2012,43310721414.1,92191211,0,22.77
FIN,1960,5224102195.53,4429634,0,3.235
FIN,1964,7766655085.79,4548543,0,10.357
FIN,1968,8823033880.33,4626469,0,9.192
FIN,1972,14754136507,4639657,25.097,7.14
FIN,1976,31873171718.7,4725664,29.095,14.343
FIN,1980,53685049410.3,4779535,25.958,11.595
FIN,1984,52926394934.7,4881803,27.378,7.068
FIN,1988,109103056148,4946481,29.506,5.096
FIN,1992,112625431378,5041992,30.914,2.602
FIN,1996,132099404608,5124573,42.07,0.617
FIN,2000,125539893127,5176209,41.612,3.368
FIN,2004,196768065557,5228172,38.886,0.187
FIN,2008,283742493042,5313399,38.94,4.066
FIN,2012,256706466091,5413971,38.957,2.808
FRA,1960,62651474946.6,46814237,0,4.139
FRA,1964,94906593388.3,49449403,0,3.229
FRA,1968,129847107788,51276054,0,4.552
FRA,1972,204283485046,52959228,32.073,6.063
FRA,1976,373410270418,54541493,34.665,9.625
FRA,1980,703525302701,55340782,37.408,13.539
FRA,1984,532648802822,56470769,38.999,7.674
FRA,1988,1023504019380,57836486,38.299,2.701
FRA,1992,1408724907060,58851216,38.158,2.366
FRA,1996,1614245416080,59753098,43.674,2.005
FRA,2000,1368438363740,60912498,42.901,1.699
FRA,2004,2124112242360,62704897,42.102,2.135
FRA,2008,2923465651090,64374990,42.378,2.814
FRA,2012,2681416108540,65659790,43.985,1.956
GBR,1960,72328047042.2,52400000,0,0
GBR,1964,93387598813.9,54000000,0,0
GBR,1968,104702736248,55211700,0,0
GBR,1972,169965034965,56086065,31.285,0
GBR,1976,232614555256,56211968,34.063,0
GBR,1980,564947710899,56314216,33.49,0
GBR,1984,461487097632,56422072,34.675,0
GBR,1988,910122732124,56928327,32.304,0
GBR,1992,1179659529660,57580402,32.452,4.262
GBR,1996,1306575663030,58166950,33.302,2.481
GBR,2000,1554801028900,58892514,35.798,0.785
GBR,2004,2297889051630,59987905,35.133,1.345
GBR,2008,2793376838240,61806995,37.547,3.613
GBR,2012,2630472981170,63700300,34.937,2.822
GEO,1960,0,3645600,0,0
GEO,1964,0,3870300,0,0
GEO,1968,0,4042300,0,0
GEO,1972,0,4205300,0,0
GEO,1976,0,4342400,0,0
GEO,1980,0,4467700,0,0
GEO,1984,0,4622200,0,0
GEO,1988,0,4790700,0,0
GEO,1992,3690328963.64,4873500,0,0
GEO,1996,3094915505.91,4616100,0,39.357
GEO,2000,3057453482.56,4418300,10.357,4.064
GEO,2004,5125273880.75,4245000,16.009,5.656
GEO,2008,12795044472.8,4030000,25.691,9.999
GEO,2012,15846474595.8,3825000,25.739,-0.944
GHA,1960,1217230094.97,6652285,0,0
GHA,1964,1731296199.52,7513286,0,0
GHA,1968,1666909517.65,8221021,0,7.895
GHA,1972,2112293279.98,9083575,0,10.067
GHA,1976,2765254360.21,10023471,0,56.081
GHA,1980,4445228057.45,10802025,0,50.07
GHA,1984,4412279865.4,12311166,0,39.665
GHA,1988,5197840972.69,13852597,0,31.359
GHA,1992,6413901601.83,15471527,11.901,10.056
GHA,1996,6934984709.48,17169214,0,46.561
GHA,2000,4983024408.15,18824994,0,25.193
GHA,2004,8881368538.08,20840493,23.712,12.625
GHA,2008,28526891010.5,23115919,15.694,16.522
GHA,2012,41939728978.7,25544565,0,9.161
GRC,1960,4446528164.68,8331725,0,1.589
GRC,1964,6680298250.58,8510429,0,0.881
GRC,1968,9915140546.35,8740765,0,0.33
GRC,1972,16885506818.2,8888628,19.448,4.292
GRC,1976,31152840485.1,9188150,21.045,13.312
GRC,1980,56829663469.2,9642505,21.655,24.875
GRC,1984,48020024788.4,9895801,24.867,18.449
GRC,1988,76261278405,10036983,24.992,13.527
GRC,1992,116224673043,10399061,0,15.866
GRC,1996,145861612826,10608800,36.894,8.196
GRC,2000,130133845771,10805808,41.468,3.166
GRC,2004,240521260988,10955141,37.865,2.899
GRC,2008,354460802549,11077841,39.627,4.153
GRC,2012,245670666639,11045011,44.954,1.502
GUY,1960,170216238.857,564222,0,0
GUY,1964,194774510.468,635778,0,0
GUY,1968,229750000,680068,0,0
GUY,1972,285380965.341,712188,0,0
GUY,1976,454440000,751008,0,0
GUY,1980,603200000,786614,0,0
GUY,1984,437631610.755,773302,0,0
GUY,1988,413799990,734872,0,0
GUY,1992,368281378.897,717621,0,0
GUY,1996,705406001.425,730193,0,7.095
GUY,2000,712667896.728,742218,0,6.149
GUY,2004,785918769.588,742162,0,4.668
GUY,2008,1922598121.23,748096,0,8.1
GUY,2012,2851154075.95,758410,0,2.392
HRV,1960,0,4140000,0,0
HRV,1964,0,4259680,0,0
HRV,1968,0,4364000,0,0
HRV,1972,0,4457000,0,0
HRV,1976,0,4530000,0,0
HRV,1980,0,4588000,0,0
HRV,1984,0,4680000,0,0
HRV,1988,0,4757000,0,0
HRV,1992,0,4470000,0,0
HRV,1996,23678012697.4,4494000,36.625,4.342
HRV,2000,21774273832.1,4426000,35.273,4.611
HRV,2004,41574530815.5,4439000,34.683,2.055
HRV,2008,70481451814.3,4434508,34.37,6.077
HRV,2012,56485301967.4,4267558,33.862,3.412
HTI,1960,0,3866160,0,-5.03
HTI,1964,0,4186636,0,9.162
HTI,1968,0,4534233,0,1.316
HTI,1972,0,4876558,0,3.19
HTI,1976,0,5238242,0,7.038
HTI,1980,0,5688832,0,17.778
HTI,1984,0,6240330,0,6.402
HTI,1988,0,6813344,0,4.105
HTI,1992,2257121668.19,7386974,0,19.358
HTI,1996,2907452192.78,7965548,0,20.584
HTI,2000,3953846310.66,8549202,0,13.708
HTI,2004,3537720277.5,9119182,0,22.812
HTI,2008,6548530572.35,9705130,0,15.52
HTI,2012,7890216507.69,10288828,0,6.28
HUN,1960,0,9983967,0,0
HUN,1964,0,10119835,0,0
HUN,1968,0,10255815,0,0
HUN,1972,0,10398489,0,0
HUN,1976,0,10598677,0,5.228
HUN,1980,0,10711122,0,9.286
HUN,1984,0,10668095,0,8.651
HUN,1988,0,10596487,0,15.788
HUN,1992,38541488005.2,10369341,45.376,22.95
HUN,1996,46484876515.5,10311238,41.684,23.428
HUN,2000,47169872903.5,10210971,38.529,9.781
HUN,2004,103641111185,10107146,36.165,6.78
HUN,2008,157094861350,10038188,40.981,6.066
HUN,2012,127176184359,9920362,41.998,5.668
IDN,1960,0,87792512,0,39.59
IDN,1964,0,97638027,0,108.995
IDN,1968,7467363478.73,108821565,0,128.843
IDN,1972,11605084559.8,121059511,0,6.513
IDN,1976,39328674729.6,134010695,0,19.859
IDN,1980,78013206037.5,147490366,0,18.017
IDN,1984,87612439197.3,161555584,0,10.456
IDN,1988,88787623309.7,175000919,0,8.043
IDN,1992,139116270052,187762097,17.934,7.526
IDN,1996,227369671349,199926615,16.954,7.968
IDN,2000,165021012261,211540428,0,3.72
IDN,2004,256836883304,223268606,18.366,6.244
IDN,2008,510228634992,235360765,0,9.777
IDN,2012,917869913365,248037853,15.468,4.28
IND,1960,37679274491.3,449661874,0,1.783
IND,1964,57470781032.8,487690114,0,13.354
IND,1968,54016411986.7,530274729,0,2.996
IND,1972,72716595884.3,579800632,0,6.462
IND,1976,104518118777,636182810,0,-7.634
IND,1980,189594121352,697229745,0,11.365
IND,1984,215878233651,764664278,0,8.322
IND,1988,301790951204,834944397,0,9.385
IND,1992,293262722482,906461358,12.597,11.788
IND,1996,399787263893,979290432,12.027,8.977
IND,2000,476609148165,1053481072,11.502,4.009
IND,2004,721584805205,1126419321,11.875,3.767
IND,2008,1224097069460,1197070109,12.497,8.352
IND,2012,1824960308640,1263589639,12.591,9.312
IRL,1960,1939329775.44,2828600,0,0.451
IRL,1964,2766608945.87,2866550,0,6.717
IRL,1968,3278584478.33,2915550,0,4.681
IRL,1972,6325159323.37,3036850,27.363,8.606
IRL,1976,9464377441.27,3238050,30.625,17.986
IRL,1980,21772289367.2,3412800,32.043,18.223
IRL,1984,20129238176.5,3532423,37.555,8.583
IRL,1988,37815334013.2,3524949,36.087,2.16
IRL,1992,55981360980.8,3558430,33.221,3.12
IRL,1996,75850514112.9,3637510,35.116,1.693
IRL,2000,99833960199,3805174,32.958,5.565
IRL,2004,193911407996,4070262,31.217,2.195
IRL,2008,274713996338,4489544,31.872,4.054
IRL,2012,224652132155,4586897,31.632,1.693
IRQ,1960,1684121534.58,7289759,0,3.478
IRQ,1964,2340521142.54,8122200,0,-0.09
IRQ,1968,2896947633.72,9260685,0,2.196
IRQ,1972,4113848002.4,10599846,0,5.186
IRQ,1976,17754825601.1,12068195,0,12.823
IRQ,1980,53405689129.7,13653358,0,0
IRQ,1984,46802508845.3,15204746,0,0
IRQ,1988,62503055644.9,16657708,0,0
IRQ,1992,0,18468521,0,83.616
IRQ,1996,0,20855408,0,-16.117
IRQ,2000,0,23574751,0,4.979
IRQ,2004,36627901762.1,26320530,0,26.962
IRQ,2008,131613661510,29163327,0,12.663
IRQ,2012,218000986223,32957622,0,6.089
ISL,1960,248434096.969,175574,0,4.315
ISL,1964,434267936.915,188983,0,19.331
ISL,1968,474399471.622,201488,0,12.634
ISL,1972,846506911.398,209137,25.886,9.709
ISL,1976,1683117417.8,220154,24.868,32.782
ISL,1980,3409023699.35,228138,24.994,58.546
ISL,1984,2887825523.68,239511,25.811,29.179
ISL,1988,6156487920.21,249740,26.874,25.751
ISL,1992,7138787995.32,261057,29.503,3.959
ISL,1996,7501950115.79,268916,30.063,2.297
ISL,2000,8924735422.82,281205,32.468,5.119
ISL,2004,13704440838.4,292074,31.791,3.151
ISL,2008,17530651669.9,317414,30.968,12.678
ISL,2012,14194519025.3,320716,30.142,5.195
ISR,1960,2887222178.45,2114020,0,2.228
ISR,1964,3405333501.95,2475000,0,5.173
ISR,1968,3959154191.75,2803000,0,2.079
ISR,1972,7173788440.84,3148000,33.35,12.881
ISR,1976,12475947718.1,3533000,52.59,31.311
ISR,1980,21780968646.1,3878000,52.235,131.025
ISR,1984,26042766976.6,4159000,58.806,373.821
ISR,1988,43892480124,4442000,41.8,16.231
ISR,1992,65771216420.6,5123000,39.134,11.948
ISR,1996,109774101576,5692000,35.333,11.277
ISR,2000,132396684080,6289000,37.963,1.125
ISR,2004,135418563141,6809000,35.919,-0.414
ISR,2008,216760312152,7308800,34.065,4.597
ISR,2012,259613579190,7910500,31.139,1.708
ITA,1960,40385288344.2,50199700,0,1.37
ITA,1964,63175417019,51675350,0,5.882
ITA,1968,87942231678.4,53235750,0,2
ITA,1972,144780888114,54381345,0,5.217
ITA,1976,223976031868,55718260,25.857,16.578
ITA,1980,475682508026,56433883,29.719,21.277
ITA,1984,436443282455,56576718,32.318,10.845
ITA,1988,888667916543,56629288,34.475,5.113
ITA,1992,1315806990570,56797087,0,5.08
ITA,1996,1308929305680,56860281,39.883,3.975
ITA,2000,1141760021930,56942108,36.05,2.519
ITA,2004,1798314755530,57685327,34.8,2.215
ITA,2008,2390729210490,58826731,36.59,3.375
ITA,2012,2072823111960,59539717,38.752,3.041
JAM,1960,699064351.699,1629003,0,3.274
JAM,1964,897948963.987,1734763,0,2.013
JAM,1968,1083839095.57,1823706,0,5.929
JAM,1972,1875146615.31,1925162,0,5.428
JAM,1976,2966042913.11,2037716,26.328,9.794
JAM,1980,2679379382.87,2133000,28.952,27.308
JAM,1984,2373564490.42,2279900,30.691,27.815
JAM,1988,3828342819.75,2356400,0,8.267
JAM,1992,3530892749.02,2423044,0,77.297
JAM,1996,6504445801.34,2509923,0,26.407
JAM,2000,8929375580.32,2589389,29.614,8.171
JAM,2004,10150978154.5,2634145,31.326,13.626
JAM,2008,13678551837.6,2671934,31.702,22.021
JAM,2012,14746420946.2,2707805,31.382,6.898
JPN,1960,44307342950.4,92500572,0,3.594
JPN,1964,81749006381.5,97826000,0,3.838
JPN,1968,146601072686,101061000,0,5.37
JPN,1972,312738030290,107188000,10.932,4.844
JPN,1976,576405865273,112771000,9.646,9.391
JPN,1980,1086988088500,116782000,11.298,7.812
JPN,1984,1294608503860,120018000,11.92,2.292
JPN,1988,3015393553890,122613000,13.438,0.664
JPN,1992,3852794371590,124229000,20.323,1.707
JPN,1996,4706187126020,125757000,0,0.132
JPN,2000,4731198760270,126843000,0,-0.653
JPN,2004,4655803055650,127761000,0,-0.008
JPN,2008,4849184641950,128063000,12.931,1.373
JPN,2012,5957250118650,127561489,11.188,-0.033
KAZ,1960,0,9714260,0,0
KAZ,1964,0,11267329,0,0
KAZ,1968,0,12341412,0,0
KAZ,1972,0,13176584,0,0
KAZ,1976,0,13920105,0,0
KAZ,1980,0,14518924,0,0
KAZ,1984,0,15214051,0,0
KAZ,1988,0,15982510,0,0
KAZ,1992,24906939560.1,16439095,0,0
KAZ,1996,21035357832.8,15577894,0,39.183
KAZ,2000,18291990619.1,14883626,11.326,13.181
KAZ,2004,43151647002.6,15012985,15.145,6.882
KAZ,2008,133441612247,15674000,0,17.152
KAZ,2012,215902443457,16791425,0,5.114
KEN,1960,791265458.813,8105440,0,1.244
KEN,1964,998759333.637,9200158,0,-0.099
KEN,1968,1353295457.52,10502250,0,0.367
KEN,1972,2107279157.38,12083165,0,5.832
KEN,1976,3474542392.05,13995974,0,11.449
KEN,1980,7265315331.62,16267906,0,13.858
KEN,1984,6191437070.44,18942599,0,10.284
KEN,1988,8355380879.13,21899004,0,12.265
KEN,1992,8209129171.74,25029754,20.638,27.332
KEN,1996,12045858436.2,28116027,17.554,8.864
KEN,2000,12705357103,31065820,19.66,9.98
KEN,2004,16095337093.8,34437460,19.987,11.624
KEN,2008,35895153327.8,38244442,16.473,26.24
KEN,2012,50410164013.6,42542978,17.573,9.378
KWT,1960,0,261962,0,0
KWT,1964,0,431366,0,0
KWT,1968,2662798825.51,639170,0,0
KWT,1972,4450537865.64,866747,0,0
KWT,1976,13132252412.7,1115463,0,5.235
KWT,1980,28638869323.1,1384342,0,6.928
KWT,1984,21700083292,1657920,0,1.177
KWT,1988,20690321283.4,2002645,0,1.468
KWT,1992,19858555214.7,0,10.04,-0.545
KWT,1996,31493987642,1637906,35.368,3.554
KWT,2000,37711864406.8,1929470,0,1.813
KWT,2004,59440108585,2166344,0,1.249
KWT,2008,147395833333,2705290,0,10.583
KWT,2012,174070025009,3419581,0,3.199
LBN,1960,0,1804927,0,0
LBN,1964,0,2041212,0,0
LBN,1968,0,2210965,0,0
LBN,1972,0,2416743,0,0
LBN,1976,0,2598362,0,0
LBN,1980,0,2605294,0,0
LBN,1984,0,2667229,0,0
LBN,1988,3313539978.98,2668593,0,0
LBN,1992,5545921947.47,2821868,0,0
LBN,1996,13690217333.3,3070974,0,0
LBN,2000,17260364842.5,3235380,16.031,0
LBN,2004,20955223880.6,3863271,22.159,0
LBN,2008,28829850746.3,4109389,21.834,0
LBN,2012,43205095854.1,4924257,20.319,0
LKA,1960,1409873949.58,9896000,0,-1.545
LKA,1964,1309747899.16,10903000,0,3.196
LKA,1968,1801344537.82,11992000,0,5.861
LKA,1972,2553936348.41,12861000,0,6.349
LKA,1976,3591319857.31,13717000,0,1.33
LKA,1980,4024621899.58,14747000,0,26.145
LKA,1984,6043474842.77,15583000,0,16.638
LKA,1988,6978371581.26,16593000,0,13.992
LKA,1992,9703011635.87,17524000,20.168,11.383
LKA,1996,13905482178.4,18210000,19.029,15.936
LKA,2000,16330814180,18655000,16.797,6.176
LKA,2004,20662525941.3,19227000,14.892,7.576
LKA,2008,40713812309.7,19817000,14.856,22.564
LKA,2012,68434399083.4,20424000,12.031,7.543
LTU,1960,0,2778550,0,0
LTU,1964,0,2935200,0,0
LTU,1968,0,3078850,0,0
LTU,1972,0,3213622,0,0
LTU,1976,0,3328664,0,0
LTU,1980,0,3413202,0,0
LTU,1984,0,3514205,0,0
LTU,1988,0,3655049,0,0
LTU,1992,0,3700114,0,0
LTU,1996,8385109020.28,3601613,6.676,24.618
LTU,2000,11539211480.4,3499536,9.781,1.007
LTU,2004,22649930576.3,3377075,8.507,1.181
LTU,2008,47850551148.8,3198231,9.17,10.927
LTU,2012,42852204396.5,2987773,8.458,3.087
LUX,1960,703925705.943,313970,0,0.45
LUX,1964,903158753.944,327750,0,3.287
LUX,1968,1066447130.82,335850,0,2.625
LUX,1972,1988356062.69,346600,25.58,5.235
LUX,1976,3579594984.33,360731,32.304,9.797
LUX,1980,6294122223.76,364150,35.988,6.3
LUX,1984,4640690519.41,365998,35.996,5.637
LUX,1988,9847344377.4,373450,33.32,1.515
LUX,1992,16225873776.7,392175,35.318,3.154
LUX,1996,21703979153.1,414225,35.532,1.393
LUX,2000,21375345494.7,436300,37.744,3.147
LUX,2004,34343804320.8,458095,38.064,2.226
LUX,2008,55144865973.3,488650,38.926,3.4
LUX,2012,55986712367.8,530946,41.918,2.664
LVA,1960,0,2120979,0,0
LVA,1964,0,2240623,0,0
LVA,1968,0,2323619,0,0
LVA,1972,0,2395674,0,0
LVA,1976,0,2470989,0,0
LVA,1980,0,2511701,0,0
LVA,1984,0,2562047,0,0
LVA,1988,0,2653434,0,0
LVA,1992,0,2614338,0,243.267
LVA,1996,5966697294.54,2457222,25.628,17.611
LVA,2000,7934770567.79,2367550,25.736,2.649
LVA,2004,14359465331.1,2263122,24.513,6.216
LVA,2008,35542093261.2,2177322,24.736,15.431
LVA,2012,28023276371.6,2034319,25.781,2.211
MAR,1960,2037154689.04,12328534,0,3.424
MAR,1964,2798345225.93,13871988,0,4.022
MAR,1968,3271415868,15335173,0,0.436
MAR,1972,5074117544.77,16740525,18.252,3.759
MAR,1976,9584323309.12,18262366,22.25,8.502
MAR,1980,21728770055.4,20071902,20.149,9.408
MAR,1984,14824728528.5,22094516,20.199,12.448
MAR,1988,25705139618.6,24027330,21.377,2.369
MAR,1992,33711069430.8,25866445,24.213,5.74
MAR,1996,43161452678.4,27556892,0,2.987
MAR,2000,38857251336.3,28950553,0,1.895
MAR,2004,59626020162.4,30093109,27.352,1.493
MAR,2008,92507257783.6,31350544,34.943,3.707
MAR,2012,98266306615.4,32984190,0,1.279
MDA,1960,0,2544000,0,0
MDA,1964,0,2774000,0,0
MDA,1968,0,2960000,0,0
MDA,1972,0,3131000,0,0
MDA,1976,0,3284000,0,0
MDA,1980,0,3396000,0,0
MDA,1984,0,3536000,0,0
MDA,1988,0,3660000,0,0
MDA,1992,2320435308.34,3706000,0,0
MDA,1996,1695130456.52,3667748,23.673,23.513
MDA,2000,1288420222.95,3639592,24.503,31.146
MDA,2004,2598231467.44,3603945,28.783,12.479
MDA,2008,6054806100.85,3570108,34.361,12.897
MDA,2012,7284686576.28,3559519,31.236,4.64
MEX,1960,13056164925.4,38174114,0,4.928
MEX,1964,20070134740.9,43264267,0,2.338
MEX,1968,29363632833.7,48893607,0,2.334
MEX,1972,45178119326.8,55480125,0,5
MEX,1976,89023916066.8,62620087,0,15.789
MEX,1980,194356825709,69330974,0,26.364
MEX,1984,175632163244,75721210,0,65.54
MEX,1988,183144276294,82223153,0,114.162
MEX,1992,363609268789,89110043,15.419,15.509
MEX,1996,397404138184,96181710,12.727,34.378
MEX,2000,683647980782,102808590,12.54,9.495
MEX,2004,770267585947,108257822,0,4.688
MEX,2008,1101275278670,114972821,0,5.125
MEX,2012,1186598324460,122070963,0,4.112
MNG,1960,0,955514,0,0
MNG,1964,0,1074517,0,0
MNG,1968,0,1207108,0,0
MNG,1972,0,1356669,0,0
MNG,1976,0,1520865,0,0
MNG,1980,0,1689622,0,0
MNG,1984,2098734600,1871087,0,0
MNG,1988,3204461566.67,2089716,0,0
MNG,1992,1317611863.85,2243506,15.45,0
MNG,1996,1345719435.21,2316571,16.237,46.89
MNG,2000,1136896162.18,2397438,24.357,11.596
MNG,2004,1992066758.85,2496621,0,8.241
MNG,2008,5623216609.64,2629666,30.816,25.057
MNG,2012,12292770631.2,2808339,25.618,14.984
MOZ,1960,0,7493278,0,0
MOZ,1964,0,8129268,0,0
MOZ,1968,0,8860823,0,0
MOZ,1972,0,9679753,0,0
MOZ,1976,0,10693688,0,0
MOZ,1980,3526259828.24,11936379,0,0
MOZ,1984,3372771556.98,12968335,0,0
MOZ,1988,2093393433.27,13124285,0,50.137
MOZ,1992,2291175764.66,14203987,0,45.485
MOZ,1996,3523842274.9,16410777,0,48.491
MOZ,2000,5016469068.51,18264536,0,12.724
MOZ,2004,6831808930.4,20523159,0,12.663
MOZ,2008,11494837053.4,22994867,0,10.328
MOZ,2012,14534278446.3,25732928,22.424,2.681
MUS,1960,0,659351,0,0
MUS,1964,0,736381,0,1.896
MUS,1968,0,798413,0,6.977
MUS,1972,0,852053,0,5.396
MUS,1976,706988629.199,906507,22.34,12.956
MUS,1980,1136544235.95,966039,20.733,42
MUS,1984,1044926100.86,1012221,22.481,7.389
MUS,1988,2143480499.86,1043239,22.451,9.159
MUS,1992,3224265821.37,1084441,22.674,4.644
MUS,1996,4421952122.98,1133996,18.23,6.551
MUS,2000,4582562398.67,1186873,20.855,4.199
MUS,2004,6385691316.68,1221003,20.773,4.71
MUS,2008,9641089804.87,1244121,21.023,9.733
MUS,2012,11445657237.9,1255882,23.01,3.852
MYS,1960,1916216984.24,8160975,0,0.063
MYS,1964,2674406486.53,9287442,0,-0.403
MYS,1968,3330371626.66,10375877,0,-0.158
MYS,1972,5043268360.41,11460080,0,3.232
MYS,1976,11050125953,12599655,0,2.634
MYS,1980,24488034454.8,13833739,0,6.675
MYS,1984,33943505214.9,15333369,0,3.897
MYS,1988,35271881262.7,17202032,0,2.557
MYS,1992,59167157497.9,19204700,0,4.767
MYS,1996,100854996423,21260881,23.276,3.489
MYS,2000,93789736842.1,23420751,17.478,1.535
MYS,2004,124749736842,25332026,20.968,1.519
MYS,2008,230813597938,27197419,20.754,5.441
MYS,2012,314442825693,29021940,21.407,1.655
NAM,1960,0,602545,0,0
NAM,1964,0,665297,0,0
NAM,1968,0,737802,0,0
NAM,1972,0,829806,0,0
NAM,1976,0,928228,0,0
NAM,1980,2434779477.62,1012761,0,0
NAM,1984,1960596972.77,1112044,0,0
NAM,1988,2506590439.49,1303879,0,0
NAM,1992,3448326858.34,1513689,29.034,0
NAM,1996,3945340776.41,1705349,27.187,0
NAM,2000,3908661517.62,1897953,30.101,0
NAM,2004,6606858786.01,2002745,26.386,4.137
NAM,2008,8486721916.91,2115703,33.255,9.095
NAM,2012,13016152023.6,2291645,0,6.722
NER,1960,449526872.566,3395212,0,0
NER,1964,582816396.216,3811813,0,1.004
NER,1968,641214226.839,4258415,0,-2.923
NER,1972,742779659.455,4753054,0,9.751
NER,1976,1064517600.1,5320869,0,23.53
NER,1980,2508524715.8,5963159,0,10.305
NER,1984,1461243326.84,6652110,0,8.364
NER,1988,2280356194.15,7445788,0,-1.394
NER,1992,2344987614.27,8442330,0,-4.476
NER,1996,1987770898.54,9701730,0,5.289
NER,2000,1798374468.36,11224523,0,2.9
NER,2004,3052898739.47,12996012,0,0.263
NER,2008,5403363917.31,15085130,0,11.305
NER,2012,6942209594.55,17635782,0,0.455
NGA,1960,4196174329.18,45211614,0,5.444
NGA,1964,5552931090.74,49169819,0,0.857
NGA,1968,5200895982.08,53640547,0,-0.476
NGA,1972,12274416017.8,58829319,0,3.458
NGA,1976,36308883248.7,65426976,0,24.3
NGA,1980,64201788122.6,73698096,0,9.972
NGA,1984,28500815241.5,81775215,0,17.821
NGA,1988,23272161396.9,90773613,0,54.511
NGA,1992,29300921681.2,100592458,0,44.589
NGA,1996,34987951375,111164651,0,29.268
NGA,2000,46385996028.9,122876723,0,6.933
NGA,2004,87845403978.3,136033321,11.407,14.998
NGA,2008,208064753766,151115683,12.947,11.578
NGA,2012,460953836444,168240403,5,12.217
NLD,1960,12276734172.1,11486631,0,2.324
NLD,1964,18699380731.3,12127120,0,5.791
NLD,1968,27817605743.2,12729721,0,3.676
NLD,1972,54008338917.9,13328593,0,7.792
NLD,1976,107775403067,13774037,41.813,9.057
NLD,1980,192661371425,14149800,44.044,6.541
NLD,1984,142075910371,14424211,45.191,3.308
NLD,1988,258567751143,14760094,44.981,0.738
NLD,1992,358330385840,15184166,44.253,3.184
NLD,1996,445704575163,15530498,39.93,2.017
NLD,2000,412807259996,15925513,38.732,2.317
NLD,2004,650532654582,16281779,37.045,1.238
NLD,2008,936228211513,16445593,39.439,2.487
NLD,2012,828946812397,16754962,38.92,2.456
NOR,1960,5163271598.16,3581239,0,0.393
NOR,1964,7159202706.48,3694339,0,5.68
NOR,1968,10159934136.8,3816486,0,3.472
NOR,1972,17358610849.7,3933004,31.469,7.22
NOR,1976,35942270686.3,4026152,32.553,9.176
NOR,1980,64439382896,4085620,36.627,10.896
NOR,1984,62057955032.8,4140099,38.138,6.279
NOR,1988,101900260856,4209488,40.176,6.698
NOR,1992,130838040068,4286401,39.097,2.342
NOR,1996,163517783497,4381336,43.463,1.259
NOR,2000,171315639983,4490967,47.987,3.086
NOR,2004,264357494659,4591910,47.536,0.465
NOR,2008,461946808511,4768212,51.701,3.766
NOR,2012,509704856038,5018573,49.204,0.709
NZL,1960,5485854791.97,2371800,0,0.839
NZL,1964,7274144350.82,2585400,0,3.435
NZL,1968,5180597620.64,2748100,0,4.284
NZL,1972,9567331064.66,2903900,27.198,6.777
NZL,1976,13604832424,3110500,30.629,16.791
NZL,1980,23245512449.3,3112900,32.677,17.093
NZL,1984,21665456808,3227100,32.757,6.201
NZL,1988,45176167471.8,3283400,38.472,6.375
NZL,1992,41649298171,3531700,0,1.016
NZL,1996,70140835299,3732000,0,2.286
NZL,2000,52623281956.7,3857700,0,3.007
NZL,2004,103905210084,4087500,24.984,2.29
NZL,2008,133278976594,4259800,36.268,3.959
NZL,2012,176617424297,4408100,35.032,0.883
PAK,1960,3707055835.55,44911810,0,6.947
PAK,1964,5130407637.43,49555472,0,4.18
PAK,1968,8090088412.65,55045897,0,0.171
PAK,1972,9309109507.24,61341255,0,5.183
PAK,1976,13338485493.8,68818471,0,7.158
PAK,1980,23689697680.5,78071984,0,11.938
PAK,1984,31151825046.7,89183159,0,6.087
PAK,1988,38472741068.6,101420791,0,8.838
PAK,1992,48635176852.8,113616165,17.971,9.509
PAK,1996,63320122807.1,125697651,17.475,10.374
PAK,2000,73952374969.8,138250487,13.886,4.367
PAK,2004,97977766197.7,150267989,13.491,7.445
PAK,2008,170077814106,163096985,12.929,20.286
PAK,2012,224646134571,177392252,12.654,9.685
PAN,1960,440255900,1132924,0,0.051
PAN,1964,636136900,1276274,0,2.414
PAN,1968,912064400,1434660,0,1.619
PAN,1972,1334108700,1607835,0,5.41
PAN,1976,2074539000,1791459,0,3.95
PAN,1980,4034408100,1978575,0,13.808
PAN,1984,5406634200,2170390,0,1.583
PAN,1988,5161200500,2368772,0,0.359
PAN,1992,7032023200,2575330,24.012,1.825
PAN,1996,9870392300,2794845,21.669,1.256
PAN,2000,12303975900,3028751,21.84,1.499
PAN,2004,15013275300,3260611,0,0.183
PAN,2008,24522200000,3498679,0,8.759
PAN,2012,39954761200,3743761,0,5.698
PER,1960,2503708500.56,10061519,0,8.664
PER,1964,4241381118.55,11281015,0,9.792
PER,1968,5583979280.17,12629333,0,19.087
PER,1972,8945736419.98,14072476,0,7.22
PER,1976,15519319139.3,15639898,0,33.483
PER,1980,17655611231.4,17359118,0,59.145
PER,1984,17132968269.2,19099575,0,110.209
PER,1988,15029999286.1,20909897,0,667.019
PER,1992,35180917546.4,22737056,15.416,73.528
PER,1996,53975714093.6,24441076,18.818,11.538
PER,2000,50980861887.2,25914875,18.216,3.757
PER,2004,66695121799.8,27273188,17.223,3.662
PER,2008,121572308719,28642048,20.974,5.786
PER,2012,192703386156,30158768,21.502,3.654
PHL,1960,6684685516.84,26273023,0,4.155
PHL,1964,5271360642.23,29962877,0,8.183
PHL,1968,7591602924.48,33797041,0,2.359
PHL,1972,8017418383.19,37925400,0,8.204
PHL,1976,17097658629.7,42461189,0,9.199
PHL,1980,32450398740,47396966,0,18.201
PHL,1984,31408478618.5,52873979,0,50.339
PHL,1988,37885485202.9,58844392,0,13.86
PHL,1992,52976344929,65078901,17.66,8.651
PHL,1996,82848140618,71437381,18.611,7.476
PHL,2000,81026297144.3,77932247,14.208,3.977
PHL,2004,91371239764.9,84596249,13.843,4.829
PHL,2008,174195135053,90297115,15.188,8.26
PHL,2012,250092093548,96017322,14.456,3.172
POL,1960,0,29637450,0,0
POL,1964,0,31139450,0,0
POL,1968,0,32294655,0,0
POL,1972,0,33055650,0,-0.099
POL,1976,0,34356300,0,4.413
POL,1980,0,35574150,0,9.683
POL,1984,0,36904134,0,15.401
POL,1988,0,37824487,0,58.721
POL,1992,92527774558,38363667,0,45.329
POL,1996,157079211268,38624370,34.086,19.817
POL,2000,171885598583,38258629,28.573,10.06
POL,2004,253528543307,38182222,31.533,3.577
POL,2008,530185123693,38125759,32.662,4.349
POL,2012,500227851988,38063164,30.97,3.557
PRI,1960,1691900000,2358000,0,0
PRI,1964,2570500000,2554066,0,0
PRI,1968,3941700000,2662064,0,0
PRI,1972,6328900000,2817256,0,0
PRI,1976,8968600000,3043854,0,0
PRI,1980,14436100000,3206000,0,0
PRI,1984,19162600000,3344190,0,0
PRI,1988,26178400000,3473898,0,0
PRI,1992,34630430000,3585176,0,0
PRI,1996,45340835000,3724655,0,0
PRI,2000,61701810000,3810605,0,0
PRI,2004,80322313000,3826878,0,0
PRI,2008,93639316000,3760866,0,0
PRI,2012,101080738000,3634487,0,0
PRT,1960,3193200404.37,8857716,0,3.023
PRT,1964,4235608177.67,9035365,0,3.4
PRT,1968,6354262628.34,8836650,0,6.071
PRT,1972,11240223128.2,8630430,0,8.945
PRT,1976,20334835543.8,9355810,20.707,18.25
PRT,1980,32899759311.2,9766312,22.69,16.692
PRT,1984,25220451794,9996232,25.574,28.783
PRT,1988,56352797353.8,10019610,25.299,9.697
PRT,1992,107602689041,9952494,0,8.942
PRT,1996,122629812841,10063945,34.842,3.121
PRT,2000,118358489958,10289898,35.774,2.847
PRT,2004,189187437298,10483861,35.995,2.356
PRT,2008,262007590450,10558177,36.338,2.59
PRT,2012,216368178659,10514844,37.473,2.773
PRY,1960,0,1902871,0,8.182
PRY,1964,0,2114095,0,1.37
PRY,1968,477012512.698,2350900,0,0.708
PRY,1972,697291727.778,2596741,0,9.18
PRY,1976,1540820245.24,2861582,0,4.475
PRY,1980,4094810488.09,3180628,0,22.447
PRY,1984,4067222420.24,3567750,0,20.311
PRY,1988,4082625952.74,3994328,0,22.594
PRY,1992,7157424031.06,4432738,0,15.193
PRY,1996,9788391732.83,4870695,0,9.8
PRY,2000,8195993230.74,5302703,0,8.982
PRY,2004,8033877360.42,5703742,0,4.323
PRY,2008,18504130753,6047131,18.422,10.155
PRY,2012,24611039786.1,6379162,22.581,3.676
QAT,1960,0,47309,0,0
QAT,1964,0,67487,0,0
QAT,1968,0,93043,0,0
QAT,1972,510259922.525,130377,0,0
QAT,1976,3284301425.76,173759,0,0
QAT,1980,7829094474.24,223715,0,6.8
QAT,1984,6704395630.96,341286,0,1.105
QAT,1988,6038186858.95,445203,0,4.603
QAT,1992,7646153983.52,489668,0,3.06
QAT,1996,9059340384.61,511864,0,4.905
QAT,2000,17759890109.9,593453,0,1.65
QAT,2004,31734065934.1,732096,47.048,6.799
QAT,2008,115270054945,1388962,33.554,15.05
QAT,2012,190289835165,2015624,0,1.867
ROU,1960,0,18406905,0,0
ROU,1964,0,18919126,0,0
ROU,1968,0,19799831,0,0
ROU,1972,0,20657957,0,0
ROU,1976,0,21551634,0,0
ROU,1980,0,22242653,0,0
ROU,1984,0,22655940,35.385,0
ROU,1988,40424526825.8,23057662,42.483,0
ROU,1992,25121666666.7,22794284,36.077,211.206
ROU,1996,37182938696.1,22619004,26.426,38.829
ROU,2000,37438527799.5,22442971,31.967,45.667
ROU,2004,76216441462.1,21451748,30.584,11.877
ROU,2008,208181626901,20537875,31.708,7.848
ROU,2012,171664638717,20058035,30.889,3.334
SAU,1960,0,4086539,0,0
SAU,1964,0,4677409,0,2.8
SAU,1968,4187777711.11,5389848,0,1.589
SAU,1972,9664157498.55,6382106,0,4.331
SAU,1976,64005665722.4,7845300,0,31.559
SAU,1980,164541738059,9912917,0,4.169
SAU,1984,119624858116,12674089,0,-1.559
SAU,1988,88256074766.4,15239174,0,0.908
SAU,1992,136304138852,17398523,0,-0.077
SAU,1996,157743124166,19331311,0,1.222
SAU,2000,188441866667,21392273,0,-1.125
SAU,2004,258742133333,24055573,0,0.33
SAU,2008,519796800000,26742842,0,9.869
SAU,2012,733955733333,29496047,0,2.886
SDN,1960,1126364161.76,7527450,0,0.092
SDN,1964,1388282600.2,8475765,0,3.951
SDN,1968,1677771400.57,9598196,0,-10.034
SDN,1972,2483055722.24,10918137,0,13.555
SDN,1976,6013210815.66,12506035,0,1.675
SDN,1980,7617256737.16,14418063,0,25.352
SDN,1984,10044297796.2,16559205,0,34.146
SDN,1988,15510324099.1,18669146,0,64.701
SDN,1992,7034219712.53,21820588,0,117.624
SDN,1996,9018243044.45,25466387,0,132.824
SDN,2000,12257418326.1,28079664,0,8.033
SDN,2004,21457470202.8,31176209,0,8.418
SDN,2008,54526580231.6,34470138,0,14.307
SDN,2012,62688889672.5,37712420,0,37.393
SEN,1960,792824702.824,3177560,0,0
SEN,1964,939145912.177,3547939,0,0
SEN,1968,1034293671.34,3975614,0,0.058
SEN,1972,1280328105.49,4485342,0,6.155
SEN,1976,2266860710.05,5031849,0,1.083
SEN,1980,3503282842.24,5568651,0,8.729
SEN,1984,2705535967.89,6246140,0,11.784
SEN,1988,4985152887.55,7062540,0,-1.827
SEN,1992,6004885321.34,7990736,0,-0.11
SEN,1996,5065830414.05,8939438,15.215,2.754
SEN,2000,4679604753.56,9860578,16.877,0.732
SEN,2004,8031344381.1,10967016,0,0.508
SEN,2008,13386345214.5,12229703,0,5.77
SEN,2012,14045681414.4,13780108,20.179,1.421
SGP,1960,704453107.147,1646400,0,0
SGP,1964,893722817.455,1841600,0,1.726
SGP,1968,1425020122.31,2012000,0,0.655
SGP,1972,2719900395.97,2152400,0,2.081
SGP,1976,6326445457.52,2293300,0,-1.842
SGP,1980,11893624074.3,2413945,0,8.527
SGP,1984,19735453641,2732221,0,2.601
SGP,1988,25337427488.3,2846108,0,1.523
SGP,1992,52156414978.5,3230698,26.587,2.263
SGP,1996,96403758865.2,3670704,27.909,1.383
SGP,2000,95833932714.6,4027887,25.746,1.362
SGP,2004,114188557567,4166664,18.921,1.663
SGP,2008,192225881688,4839396,20.562,6.519
SGP,2012,289268624470,5312437,17.828,4.529
SRB,1960,0,0,0,0
SRB,1964,0,0,0,0
SRB,1968,0,0,0,0
SRB,1972,0,0,0,0
SRB,1976,0,0,0,0
SRB,1980,0,0,0,0
SRB,1984,0,0,0,0
SRB,1988,0,0,0,0
SRB,1992,0,7646424,0,0
SRB,1996,20948677839.9,7617794,0,95.601
SRB,2000,6540247190.34,7516346,0,71.121
SRB,2004,24861483280.6,7463157,0,11.026
SRB,2008,49259526052.7,7350222,38.209,12.411
SRB,2012,40742313861.1,7199077,34.914,7.33
SUR,1960,93850000,289972,0,2.857
SUR,1964,120850000,322995,0,4.234
SUR,1968,220600000,359735,0,0.164
SUR,1972,287600000,371318,0,3.234
SUR,1976,505500000,361368,0,10.07
SUR,1980,794900000,362777,0,14.11
SUR,1984,864150000,367611,0,3.689
SUR,1988,1160900000,391851,0,7.313
SUR,1992,404600000,423572,0,43.666
SUR,1996,860630922.693,453653,0,-0.702
SUR,2000,892164393.939,480751,0,59.402
SUR,2004,1484092538.4,489312,25.833,9.986
SUR,2008,3532969034.61,506657,21.768,14.667
SUR,2012,4980000000,528535,25.663,5.007
SVN,1960,0,1584720,0,0
SVN,1964,0,1632114,0,0
SVN,1968,0,1704546,0,0
SVN,1972,0,1752233,0,0
SVN,1976,0,1820249,0,0
SVN,1980,0,1901315,0,0
SVN,1984,0,1932154,0,0
SVN,1988,0,1995196,0,0
SVN,1992,0,1996498,0,0
SVN,1996,21480028328.6,1988628,34.186,9.792
SVN,2000,20342197589.3,1988925,38.203,8.879
SVN,2004,34470229197.8,1997012,37.97,3.589
SVN,2008,55589863776.2,2021316,37.305,5.652
SVN,2012,46240004973.3,2057159,38.023,2.598
SWE,1960,14842870293.4,7484656,0,4.142
SWE,1964,21137242560.9,7661354,0,3.389
SWE,1968,29143383490.6,7912273,0,1.943
SWE,1972,48263914958.8,8122300,28.758,6.007
SWE,1976,88102107647.1,8222286,31.918,10.279
SWE,1980,140088635568,8310531,31.349,13.704
SWE,1984,107661673735,8336605,34.777,8.021
SWE,1988,204068257818,8436489,38.069,5.798
SWE,1992,280312318915,8668067,37.387,2.282
SWE,1996,288103936773,8840998,37.954,0.471
SWE,2000,259802012617,8872109,37.994,1.037
SWE,2004,381705425302,8993531,33.306,0.374
SWE,2008,513965650650,9219637,33.383,3.437
SWE,2012,543880647757,9519374,31.981,0.888
TGO,1960,121128072.423,1580513,0,0
TGO,1964,166104078.423,1662072,0,0
TGO,1968,241956916.76,1945781,0,0.297
TGO,1972,335677600.316,2247575,0,7.727
TGO,1976,619375149.041,2464457,0,11.641
TGO,1980,1136409054.01,2720838,0,12.307
TGO,1984,718149015.839,3140355,0,-3.527
TGO,1988,1378847400.29,3579489,0,-0.151
TGO,1992,1692959110.18,3984356,0,1.394
TGO,1996,1465448290.34,4392941,0,4.688
TGO,2000,1294250233.19,4874735,0,1.89
TGO,2004,1937074572.09,5428552,15.86,0.392
TGO,2008,3163416242.06,6052937,15.57,8.682
TGO,2012,3866617462.62,6745581,18.823,2.631
THA,1960,2760750921.4,27397178,0,-0.766
THA,1964,3889130441.59,30881332,0,-0.792
THA,1968,6081009422.1,34790945,0,1.79
THA,1972,8177872957.59,39061999,12.432,4.838
THA,1976,16985208712.1,43386846,12.021,4.149
THA,1980,32353514502,47385325,14.33,19.704
THA,1984,41797647303.3,51105438,15.536,0.865
THA,1988,61667254410.7,54933561,16.12,3.863
THA,1992,111452869378,57761574,17.635,4.139
THA,1996,183035154107,59878955,18.818,5.805
THA,2000,126392308498,62693322,15.473,1.592
THA,2004,172895476153,65404522,18.304,2.759
THA,2008,291383081232,66453255,18.819,5.468
THA,2012,397290682075,67164130,18.951,3.02
TJK,1960,0,2064035,0,0
TJK,1964,0,2401598,0,0
TJK,1968,0,2743461,0,0
TJK,1972,0,3112041,0,0
TJK,1976,0,3511050,0,0
TJK,1980,0,3917642,0,0
TJK,1984,0,4400743,0,0
TJK,1988,0,5008827,0,0
TJK,1992,1909246640.81,5523207,0,0
TJK,1996,1043893062.61,5862224,0,0
TJK,2000,860550294.273,6186152,10.627,0
TJK,2004,2076148710.32,6666628,13.451,7.142
TJK,2008,5161298559.34,7254072,0,20.471
TJK,2012,7633036366.03,7930929,0,5.831
TON,1960,0,61600,0,0
TON,1964,0,71757,0,0
TON,1968,0,81096,0,0
TON,1972,0,86349,0,0
TON,1976,30036416.962,89258,0,7.11
TON,1980,53260077.431,93007,0,22.393
TON,1984,64248354.541,93838,0,0.106
TON,1988,106657267.367,94680,0,9.924
TON,1992,137066290.55,95421,0,7.937
TON,1996,219583570.095,96174,0,2.995
TON,2000,188623258.459,97898,0,6.307
TON,2004,236247362.548,100226,0,10.976
TON,2008,340041546.54,102816,0,10.439
TON,2012,457244315.208,104769,0,1.213
TTO,1960,535673245.328,848481,0,2.08
TTO,1964,711897510.746,903272,0,0.864
TTO,1968,758899950,931466,0,8.232
TTO,1972,1083392306.88,968742,0,9.301
TTO,1976,2500420785.49,1025655,0,10.692
TTO,1980,6235833085.54,1085308,0,17.47
TTO,1984,7757083025.1,1155701,0,13.335
TTO,1988,4496910569.11,1204890,0,7.758
TTO,1992,5318258823.53,1237486,0,6.44
TTO,1996,5759537726.27,1258365,0,3.405
TTO,2000,8154338232.96,1267980,0,3.555
TTO,2004,13280275123,1290535,26.152,3.722
TTO,2008,27870257894.2,1315372,33.654,12.048
TTO,2012,24580844842.6,1341579,0,9.269
TUN,1960,0,4220701,0,0
TUN,1964,0,4530835,0,0
TUN,1968,1214666666.67,4933131,0,0
TUN,1972,2237570218.83,5294325,0,0
TUN,1976,4508139372.17,5742339,0,0
TUN,1980,8743054698.11,6384000,0,0
TUN,1984,8254573072.62,7042550,0,8.9
TUN,1988,10096292842.2,7857619,0,7.197
TUN,1992,15497286295.8,8489900,29.437,5.824
TUN,1996,19587322786.1,9089300,29.598,3.725
TUN,2000,21473188881.6,9552500,26.476,2.962
TUN,2004,31183139301.5,9932400,26.508,3.632
TUN,2008,44856586316,10328900,29.179,4.921
TUN,2012,45044176964,10777500,31.38,5.138
TUR,1960,13995067817.5,27553280,0,1.302
TUR,1964,11177777777.8,30292969,0,1.687
TUR,1968,17500000000,33196289,0,0.402
TUR,1972,20431095406.4,36475356,16.396,11.667
TUR,1976,51280134554.3,40100696,17.456,17.363
TUR,1980,68789289565.7,43905790,18.072,110.173
TUR,1984,59989909457.8,48138191,12.328,48.378
TUR,1988,90852814005,52126497,13.507,73.667
TUR,1992,158459130435,55811134,16.057,70.073
TUR,1996,181475555283,59451488,18.339,80.347
TUR,2000,266567532790,63240157,0,54.915
TUR,2004,392166275623,66973561,0,10.584
TUR,2008,730337495198,70344357,31.166,10.444
TUR,2012,788863301225,74849187,34.699,8.892
TZA,1960,0,10074490,0,0
TZA,1964,0,11339076,0,0
TZA,1968,0,12787494,0,15.599
TZA,1972,0,14506496,0,7.635
TZA,1976,0,16493435,0,6.859
TZA,1980,0,18684893,0,30.197
TZA,1984,0,21178079,0,36.146
TZA,1988,5100405344.4,23914852,0,31.187
TZA,1992,4601413263.53,27203865,0,21.847
TZA,1996,6496195450.61,30733937,0,20.977
TZA,2000,10185786382.8,33991590,0,5.924
TZA,2004,12825801580.9,37935334,0,4.736
TZA,2008,27368386358.1,42844744,0,10.278
TZA,2012,39087748240.4,48645709,12.608,16.001
UGA,1960,423145605.043,6788211,0,0
UGA,1964,589247687.3,7746181,0,0
UGA,1968,1037379286.07,8872866,0,0
UGA,1972,1490970306.73,9988321,0,0
UGA,1976,2447300000,11139772,0,0
UGA,1980,1244610000,12547754,0,0
UGA,1984,3615647446.52,14163214,0,42.726
UGA,1988,6508931651.67,16227778,0,196.119
UGA,1992,2857457860.05,18571527,0,52.442
UGA,1996,6044585326.94,21041468,0,7.192
UGA,2000,6193246837.1,23757636,10.788,3.392
UGA,2004,7940362799.18,27114742,10.866,3.721
UGA,2008,14239026629.6,31014427,13.254,12.051
UGA,2012,23236898742.1,35400620,11.165,14.016
UKR,1960,0,42662150,0,0
UKR,1964,0,44794325,0,0
UKR,1968,0,46409007,0,0
UKR,1972,0,47783013,0,0
UKR,1976,0,49036202,0,0
UKR,1980,0,49968811,0,0
UKR,1984,0,50754000,0,0
UKR,1988,74703517902.7,51521000,0,0
UKR,1992,73942235330.4,52150266,0,0
UKR,1996,44558076851.6,51057189,0,80.326
UKR,2000,31261718319.2,49175848,26.783,28.203
UKR,2004,64883060725.7,47451600,30.71,9.048
UKR,2008,179992405832,46258200,35.822,25.232
UKR,2012,175781379051,45593300,37.494,0.556
URY,1960,1242289212.04,2538651,0,38.504
URY,1964,1975701727.51,2665387,0,42.369
URY,1968,1593675330.16,2774771,0,125.337
URY,1972,2189418001.38,2821437,0,76.485
URY,1976,3667161241.48,2841436,0,50.623
URY,1980,10163020115.7,2915775,0,63.476
URY,1984,4850241442.18,2992648,0,55.304
URY,1988,8213515458.51,3069094,0,62.192
URY,1992,12878199881,3154853,26.688,68.459
URY,1996,20515543039.2,3248039,27.693,28.342
URY,2000,22823255801.8,3321242,24.681,4.764
URY,2004,13686329890.1,3324096,25.605,9.158
URY,2008,30366213118.4,3350832,26.511,7.861
URY,2012,51265399742.7,3396753,29.973,8.098
USA,1960,543300000000,180671000,0,1.51
USA,1964,685800000000,191889000,0,1.309
USA,1968,942500000000,200706000,0,4.218
USA,1972,1282449000000,209896000,16.678,3.306
USA,1976,1877587000000,218035000,16.566,5.737
USA,1980,2862505000000,227225000,19.07,13.509
USA,1984,4040693000000,235825000,17.777,4.317
USA,1988,5252629000000,244499000,18.325,4.009
USA,1992,6539299000000,256514000,17.597,3.029
USA,1996,8100201000000,269394000,18.889,2.931
USA,2000,10284779000000,282162411,20.508,3.377
USA,2004,12274928000000,292805298,16.765,2.677
USA,2008,14718582000000,304093966,17.771,3.839
USA,2012,16155255000000,314102623,16.846,2.069
UZB,1960,0,8789492,0,0
UZB,1964,0,9917202,0,0
UZB,1968,0,11240523,0,0
UZB,1972,0,12762439,0,0
UZB,1976,0,14374729,0,0
UZB,1980,0,15951899,0,0
UZB,1984,0,17712992,0,0
UZB,1988,0,19583186,0,0
UZB,1992,12941297376.1,21449000,0,0
UZB,1996,13948892215.6,23225000,0,0
UZB,2000,13760374487.5,24650400,0,0
UZB,2004,12030023547.9,25864350,0,0
UZB,2008,27934030937.2,27302800,0,0
UZB,2012,51183443225,29774500,0,0
VNM,1960,0,34743000,0,0
VNM,1964,0,37574000,0,0
VNM,1968,0,40856000,0,0
VNM,1972,0,44758000,0,0
VNM,1976,0,49158000,0,0
VNM,1980,0,53700000,0,0
VNM,1984,0,57692000,0,0
VNM,1988,25423812494.3,63263000,0,0
VNM,1992,9866990096.32,68450100,0,0
VNM,1996,24657470331.6,73156700,0,5.675
VNM,2000,33640085727.5,77630900,0,-1.71
VNM,2004,49424107709.9,81436400,0,7.759
VNM,2008,99130304099.1,85118700,0,23.116
VNM,2012,155820001920,88809200,0,9.094
ZAF,1960,7363096178.08,17396000,0,1.326
ZAF,1964,10071444211.1,19390554,0,2.535
ZAF,1968,14475710065.8,21153722,0,1.986
ZAF,1972,20753220242,23126276,20.642,6.461
ZAF,1976,35473781048.8,25268094,21.616,11.02
ZAF,1980,80546993194.7,27576000,22.935,13.66
ZAF,1984,85169436537.3,30505361,23.932,11.526
ZAF,1988,114630316417,33728498,25.576,12.78
ZAF,1992,130513680154,36690739,23.547,13.875
ZAF,1996,147608050636,40000247,25.396,7.354
ZAF,2000,136361791003,44000000,25.674,5.339
ZAF,2004,228593703991,46641103,26.948,1.385
ZAF,2008,286769850240,49296223,29.623,11.536
ZAF,2012,397386418270,52356381,28.381,5.654
ZMB,1960,698739720.784,3049586,0,0
ZMB,1964,822639671.273,3449266,0,0
ZMB,1968,1573739371.13,3916928,0,0
ZMB,1972,1872416680.08,4484141,0,0
ZMB,1976,2742859262.98,5160570,0,0
ZMB,1980,3884530853.76,5929497,0,0
ZMB,1984,2719518932.99,6793708,0,0
ZMB,1988,3728878148.81,7696070,0,51.004
ZMB,1992,3181921787.71,8576987,19.925,165.707
ZMB,1996,3597220962,9502346,17.148,43.073
ZMB,2000,3600683039.73,10585220,0,26.03
ZMB,2004,6221077674.78,11725635,15.716,17.968
ZMB,2008,17910858637.9,13114579,15.014,12.446
ZMB,2012,25503060411.5,14786581,0,6.576
ZWE,1960,1052990400,3752390,0,0
ZWE,1964,1217138000,4279561,0,0
ZWE,1968,1479599900,4874113,0,1.386
ZWE,1972,2677729400,5573312,0,2.85
ZWE,1976,4318372000,6373956,0,10.95
ZWE,1980,6678868200,7289083,0,5.402
ZWE,1984,6352125900,8528328,0,20.151
ZWE,1988,7814784100,9866776,0,7.422
ZWE,1992,6751472200,11019717,24.016,42.065
ZWE,1996,8553146600,11877664,25.329,21.434
ZWE,2000,6689957600,12499981,0,55.866
ZWE,2004,5805598400,12867828,0,282.38
ZWE,2008,4415702800,13495462,0,0
ZWE,2012,12392715500,14565482,0,3.922
