code,year,Rank,Num_OF_Gold,Num_OF_Silver,Num_OF_Bronze
AFG,2008,86,0,0,1
AHO,1988,52,0,1,0
ALG,1984,1,0,0,2
ALG,1992,17,1,0,1
ALG,1996,1,2,0,1
ALG,2000,14,1,1,3
ALG,2008,71,0,1,1
ANZ,1908,18,15,2,2
ANZ,1912,9,5,2,3
ARG,1924,14,6,3,2
ARG,1928,27,3,24,5
ARG,1932,5,3,1,0
ARG,1936,1,5,2,4
ARG,1948,22,3,8,1
ARG,1952,2,2,2,2
ARG,1956,33,0,1,1
ARG,1960,23,0,3,1
ARG,1964,41,0,1,0
ARG,1968,23,0,0,2
ARG,1972,48,0,1,0
ARG,1988,20,0,1,12
ARG,1992,4,0,0,2
ARG,1996,45,0,19,1
ARG,2000,45,0,17,3
ARG,2004,62,26,0,21
ARG,2008,27,20,0,31
ARM,1996,51,1,1,0
ARM,2000,44,0,0,1
ARM,2008,73,0,0,6
AUS,1896,11,2,0,0
AUS,1900,3,2,0,3
AUS,1920,6,0,5,1
AUS,1924,11,3,5,2
AUS,1928,18,1,2,1
AUS,1932,22,3,1,1
AUS,1936,31,0,0,1
AUS,1948,14,2,9,5
AUS,1952,19,7,2,11
AUS,1956,19,23,12,26
AUS,1960,2,10,17,9
AUS,1964,20,8,5,29
AUS,1968,8,5,34,10
AUS,1972,5,11,7,2
AUS,1976,40,0,16,8
AUS,1980,22,5,2,5
AUS,1984,6,7,14,29
AUS,1988,14,18,6,10
AUS,1992,7,14,27,16
AUS,1996,38,32,16,84
AUS,2000,43,60,69,54
AUS,2004,54,49,78,30
AUS,2008,64,31,42,76
AUT,1896,3,2,1,2
AUT,1900,17,0,3,3
AUT,1904,10,0,0,1
AUT,1908,4,0,0,1
AUT,1912,4,0,9,5
AUT,1924,1,0,3,1
AUT,1928,15,2,0,2
AUT,1932,12,1,1,3
AUT,1936,7,5,41,4
AUT,1948,5,1,0,3
AUT,1952,25,0,1,2
AUT,1956,24,0,0,4
AUT,1960,20,1,2,0
AUT,1968,2,0,2,3
AUT,1972,6,0,1,2
AUT,1976,2,0,0,1
AUT,1980,34,1,3,1
AUT,1984,7,1,1,1
AUT,1988,28,1,0,0
AUT,1992,60,0,6,0
AUT,1996,33,0,1,2
AUT,2000,19,3,1,0
AUT,2004,56,3,4,1
AUT,2008,22,0,1,2
AZE,1996,32,0,1,0
AZE,2000,2,2,0,1
AZE,2004,41,1,0,4
AZE,2008,63,1,2,4
BAH,1956,38,0,0,2
BAH,1964,13,2,0,0
BAH,1992,8,0,0,1
BAH,1996,31,0,5,0
BAH,2000,37,6,0,0
BAH,2004,11,1,0,1
BAH,2008,32,0,4,1
BAR,2000,64,0,0,1
BDI,1996,60,1,0,0
BEL,1900,16,5,19,15
BEL,1908,3,1,24,6
BEL,1912,15,9,1,9
BEL,1920,9,57,66,65
BEL,1924,7,3,29,6
BEL,1928,10,0,1,4
BEL,1936,11,0,0,12
BEL,1948,13,4,2,8
BEL,1952,18,4,3,0
BEL,1956,35,0,2,0
BEL,1960,33,0,2,2
BEL,1964,23,2,0,1
BEL,1968,37,0,1,2
BEL,1972,16,0,2,0
BEL,1976,38,0,3,6
BEL,1980,3,1,0,0
BEL,1984,8,1,2,2
BEL,1988,29,0,0,2
BEL,1992,12,0,1,2
BEL,1996,25,2,2,2
BEL,2000,34,0,3,4
BEL,2004,6,1,0,2
BEL,2008,17,1,4,0
BER,1976,5,0,0,1
BLR,1996,65,1,6,16
BLR,2000,5,3,8,11
BLR,2004,8,2,6,9
BLR,2008,11,8,5,17
BOH,1900,15,0,1,1
BOH,1908,9,0,0,5
BRA,1920,10,1,1,5
BRA,1948,9,0,0,12
BRA,1952,38,1,0,2
BRA,1956,34,1,0,0
BRA,1960,19,0,0,13
BRA,1964,27,0,0,12
BRA,1968,28,0,1,3
BRA,1972,17,0,0,2
BRA,1976,6,0,0,3
BRA,1980,5,4,0,5
BRA,1984,14,1,34,2
BRA,1988,12,1,22,5
BRA,1992,13,13,1,0
BRA,1996,13,5,15,44
BRA,2000,47,0,12,36
BRA,2004,28,18,19,3
BRA,2008,2,14,34,27
BUL,1952,33,0,0,1
BUL,1956,15,1,3,14
BUL,1960,28,1,3,3
BUL,1964,18,3,5,2
BUL,1968,5,2,21,3
BUL,1972,19,6,10,6
BUL,1976,19,8,13,18
BUL,1980,16,8,46,40
BUL,1988,32,10,14,17
BUL,1992,54,3,7,7
BUL,1996,21,3,12,6
BUL,2000,27,5,6,2
BUL,2004,39,2,1,14
BUL,2008,8,1,1,3
BWI,1960,10,0,0,5
CAN,1900,13,1,0,1
CAN,1904,7,26,9,0
CAN,1908,16,17,8,26
CAN,1912,18,3,2,3
CAN,1920,16,10,3,3
CAN,1924,9,0,19,1
CAN,1928,9,7,5,21
CAN,1932,2,2,13,23
CAN,1936,12,1,12,9
CAN,1948,11,0,1,5
CAN,1952,34,1,3,0
CAN,1956,16,5,9,5
CAN,1960,6,0,9,0
CAN,1964,32,2,2,1
CAN,1968,6,3,3,4
CAN,1972,20,0,2,8
CAN,1976,11,0,8,12
CAN,1984,40,19,35,32
CAN,1988,10,4,5,12
CAN,1992,16,27,5,12
CAN,1996,74,8,31,12
CAN,2000,73,4,4,23
CAN,2004,44,3,10,4
CAN,2008,3,11,13,10
CHI,1928,24,0,1,0
CHI,1952,7,0,4,0
CHI,1956,8,0,2,2
CHI,1988,8,0,1,0
CHI,2000,28,0,0,18
CHI,2004,50,3,0,1
CHI,2008,47,0,1,0
CHN,1984,39,26,13,37
CHN,1988,39,6,16,31
CHN,1992,25,18,46,19
CHN,1996,6,19,74,17
CHN,2000,78,39,23,17
CHN,2004,61,52,27,15
CHN,2008,36,74,53,57
CIV,1984,38,0,1,0
CMR,1968,7,0,1,0
CMR,1984,27,0,0,1
CMR,2000,21,18,0,0
CMR,2004,70,1,0,0
CMR,2008,35,1,0,0
COL,1972,21,0,1,2
COL,1984,36,0,1,0
COL,1988,41,0,0,1
COL,1992,41,0,0,1
COL,2000,30,1,0,0
COL,2004,2,0,0,2
COL,2008,37,0,1,1
CRC,1988,16,0,1,0
CRC,1996,8,1,0,0
CRC,2000,35,0,0,2
CRO,1992,36,0,12,3
CRO,1996,12,16,13,0
CRO,2000,8,1,0,9
CRO,2004,52,14,3,3
CRO,2008,41,0,2,3
CUB,1900,8,1,1,0
CUB,1904,5,4,2,3
CUB,1948,19,0,2,0
CUB,1964,16,0,1,0
CUB,1968,20,0,10,0
CUB,1972,22,3,1,18
CUB,1976,20,6,4,14
CUB,1980,9,8,7,5
CUB,1992,35,44,13,14
CUB,1996,72,39,8,10
CUB,2000,63,22,35,12
CUB,2004,21,31,8,22
CUB,2008,65,2,34,11
CZE,1996,48,4,5,4
CZE,2000,57,2,3,4
CZE,2004,30,1,6,5
CZE,2008,70,3,4,0
DEN,1896,10,1,2,3
DEN,1900,7,1,3,2
DEN,1908,7,0,12,3
DEN,1912,17,5,45,34
DEN,1920,12,30,44,1
DEN,1924,25,2,8,2
DEN,1928,31,5,5,3
DEN,1932,15,0,5,4
DEN,1936,3,0,3,3
DEN,1948,15,7,15,27
DEN,1952,13,3,1,5
DEN,1956,13,1,5,1
DEN,1960,17,2,17,4
DEN,1964,3,7,1,4
DEN,1968,34,4,6,6
DEN,1972,31,1,0,0
DEN,1976,25,3,0,5
DEN,1980,7,4,2,2
DEN,1984,35,0,5,10
DEN,1988,49,3,1,3
DEN,1992,26,3,2,9
DEN,1996,10,22,1,1
DEN,2000,33,18,3,4
DEN,2004,69,19,0,10
DEN,2008,50,6,6,6
DJI,1988,44,0,0,1
DOM,1984,28,0,0,1
DOM,2004,31,1,0,0
DOM,2008,25,1,1,0
ECU,1996,30,1,0,0
ECU,2008,12,0,1,0
EGY,1928,30,2,1,1
EGY,1936,8,2,1,2
EGY,1948,31,2,2,1
EGY,1952,21,0,0,1
EGY,1960,35,0,1,1
EGY,1984,12,0,1,0
EGY,2004,1,1,1,3
EGY,2008,85,0,0,1
ERI,2004,64,0,0,1
ESP,1900,20,2,0,0
ESP,1920,22,0,24,0
ESP,1928,25,3,0,0
ESP,1932,9,0,0,1
ESP,1948,28,0,3,0
ESP,1952,20,0,1,0
ESP,1960,13,0,0,14
ESP,1972,25,0,0,1
ESP,1976,23,0,6,0
ESP,1980,19,2,19,3
ESP,1984,21,2,14,3
ESP,1988,5,1,2,2
ESP,1992,64,44,20,2
ESP,1996,9,24,21,22
ESP,2000,15,3,20,20
ESP,2004,32,4,15,8
ESP,2008,20,7,48,16
EST,1920,20,1,2,0
EST,1924,10,1,1,4
EST,1928,29,2,1,6
EST,1936,16,2,2,3
EST,1992,23,1,0,2
EST,2000,10,1,0,2
EST,2004,47,0,1,2
EST,2008,61,1,2,0
ETH,1960,16,1,0,0
ETH,1964,34,1,0,0
ETH,1968,44,1,1,0
ETH,1972,39,0,0,2
ETH,1980,17,2,0,2
ETH,1992,63,1,0,2
ETH,1996,11,2,0,1
ETH,2000,75,4,1,3
ETH,2004,29,2,3,2
ETH,2008,39,4,1,2
EUA,1956,14,12,23,22
EUA,1960,27,34,33,21
EUA,1964,6,22,44,49
EUN,1992,24,92,65,66
FIN,1908,6,1,1,27
FIN,1912,3,9,36,22
FIN,1920,2,18,14,17
FIN,1924,21,24,13,15
FIN,1928,7,8,8,9
FIN,1932,11,5,8,16
FIN,1936,9,7,6,13
FIN,1948,3,15,7,7
FIN,1952,15,8,3,29
FIN,1956,36,3,1,22
FIN,1960,11,1,1,4
FIN,1964,39,3,0,2
FIN,1968,41,1,2,1
FIN,1972,38,3,1,6
FIN,1976,13,4,2,0
FIN,1980,14,3,1,5
FIN,1984,29,4,2,6
FIN,1988,42,1,1,2
FIN,1992,49,1,4,2
FIN,1996,54,1,2,1
FIN,2000,76,3,1,1
FIN,2004,42,0,2,0
FIN,2008,81,1,2,2
FRA,1896,9,5,4,2
FRA,1900,9,46,86,53
FRA,1908,14,9,5,21
FRA,1912,16,10,10,5
FRA,1920,19,13,73,55
FRA,1924,17,39,63,20
FRA,1928,13,7,16,13
FRA,1932,8,23,8,6
FRA,1936,26,12,13,18
FRA,1948,20,25,22,21
FRA,1952,39,14,9,16
FRA,1956,30,6,13,13
FRA,1960,42,0,6,5
FRA,1964,24,1,13,17
FRA,1968,33,12,5,10
FRA,1972,37,2,5,15
FRA,1976,12,5,7,8
FRA,1980,28,18,5,6
FRA,1984,47,21,16,31
FRA,1988,21,12,4,13
FRA,1992,48,9,5,43
FRA,1996,36,21,10,20
FRA,2000,3,22,30,14
FRA,2004,20,21,10,22
FRA,2008,49,25,23,28
FRG,1968,40,16,15,18
FRG,1972,4,43,17,36
FRG,1976,37,21,24,30
FRG,1984,23,31,74,52
FRG,1988,4,32,37,44
GBR,1896,4,2,3,2
GBR,1900,19,48,20,10
GBR,1904,3,1,1,0
GBR,1908,8,144,135,68
GBR,1912,7,44,58,58
GBR,1920,5,55,35,17
GBR,1924,4,17,29,20
GBR,1928,11,6,25,24
GBR,1932,27,8,12,14
GBR,1936,27,12,16,8
GBR,1948,10,6,39,11
GBR,1952,41,3,2,26
GBR,1956,21,8,15,22
GBR,1960,18,2,11,15
GBR,1964,19,4,19,5
GBR,1968,18,8,5,5
GBR,1972,44,8,9,12
GBR,1976,32,6,15,11
GBR,1980,11,5,18,22
GBR,1984,3,9,20,43
GBR,1988,48,22,16,15
GBR,1992,37,8,3,39
GBR,1996,17,2,15,9
GBR,2000,20,22,20,13
GBR,2004,15,17,25,15
GBR,2008,51,31,25,21
GDR,1968,42,13,19,19
GDR,1972,45,30,62,56
GDR,1976,17,99,51,42
GDR,1980,23,112,87,61
GDR,1988,22,75,52,47
GEO,1996,77,0,0,2
GEO,2000,23,0,0,6
GEO,2004,71,2,2,0
GEO,2008,33,3,0,3
GER,1896,1,26,5,2
GER,1900,14,11,19,10
GER,1904,4,4,4,5
GER,1908,19,4,11,7
GER,1912,6,10,19,23
GER,1928,23,20,13,39
GER,1932,3,7,26,5
GER,1936,25,88,63,59
GER,1952,6,0,14,26
GER,1992,27,81,57,60
GER,1996,3,42,35,47
GER,2000,46,31,23,65
GER,2004,55,41,45,63
GER,2008,13,42,16,43
GHA,1960,24,0,1,0
GHA,1964,38,0,0,1
GHA,1972,30,0,0,1
GHA,1992,29,0,0,13
GRE,1896,7,10,20,22
GRE,1904,1,1,0,1
GRE,1908,10,0,3,0
GRE,1912,12,1,0,1
GRE,1920,17,0,5,0
GRE,1956,20,0,0,1
GRE,1960,44,3,0,0
GRE,1968,25,0,0,1
GRE,1972,41,0,2,0
GRE,1980,35,1,0,4
GRE,1984,5,0,1,1
GRE,1988,30,0,0,1
GRE,1992,10,2,0,0
GRE,1996,23,4,4,0
GRE,2000,31,4,6,8
GRE,2004,3,8,18,5
GRE,2008,10,0,3,4
GUY,1980,13,0,0,1
HAI,1924,26,0,0,7
HAI,1928,1,0,1,0
HKG,1996,47,1,0,0
HKG,2004,24,0,2,0
HUN,1896,8,2,1,3
HUN,1900,5,1,2,2
HUN,1904,8,2,1,1
HUN,1908,13,6,7,5
HUN,1912,8,10,17,3
HUN,1924,27,2,10,8
HUN,1928,26,9,11,0
HUN,1932,25,20,4,8
HUN,1936,10,25,1,16
HUN,1948,35,15,24,21
HUN,1952,36,52,17,32
HUN,1956,5,30,20,14
HUN,1960,41,13,16,36
HUN,1964,35,42,7,7
HUN,1968,16,32,20,29
HUN,1972,46,10,46,25
HUN,1976,31,14,6,35
HUN,1980,30,8,13,40
HUN,1988,37,20,9,15
HUN,1992,59,14,23,8
HUN,1996,34,8,9,26
HUN,2000,80,25,24,4
HUN,2004,40,24,12,4
HUN,2008,34,16,8,3
INA,1988,38,0,3,0
INA,1992,38,2,3,1
INA,1996,35,2,1,3
INA,2000,55,2,4,2
INA,2004,51,1,1,3
INA,2008,1,2,2,3
IND,1900,4,0,2,0
IND,1928,16,15,0,0
IND,1932,6,11,0,0
IND,1936,32,19,0,0
IND,1948,29,20,0,0
IND,1952,12,14,0,1
IND,1956,6,17,0,0
IND,1960,38,0,13,0
IND,1964,30,15,0,0
IND,1968,15,0,0,15
IND,1972,27,0,0,14
IND,1980,33,16,0,0
IND,1996,15,0,0,1
IND,2000,7,0,0,1
IND,2004,34,0,1,0
IND,2008,79,1,0,2
IOP,1992,33,0,1,2
IRI,1948,12,0,0,1
IRI,1952,37,0,3,4
IRI,1956,9,2,2,1
IRI,1960,31,0,1,3
IRI,1964,15,0,0,2
IRI,1968,10,2,1,2
IRI,1972,18,0,2,1
IRI,1976,33,0,1,1
IRI,1988,26,0,1,0
IRI,1992,2,0,1,2
IRI,1996,79,1,1,1
IRI,2000,9,3,0,1
IRI,2004,25,2,2,2
IRI,2008,75,1,0,1
IRL,1928,4,1,0,0
IRL,1932,26,2,0,0
IRL,1952,14,0,1,0
IRL,1956,29,1,1,3
IRL,1964,10,0,0,1
IRL,1980,27,0,2,1
IRL,1984,45,0,1,0
IRL,1992,39,1,1,0
IRL,1996,75,3,0,1
IRL,2000,17,0,1,0
IRL,2008,69,0,1,2
IRQ,1960,8,0,0,1
ISL,1956,3,0,1,0
ISL,1984,13,0,0,1
ISL,2000,74,0,0,1
ISL,2008,78,0,14,0
ISR,1992,61,0,1,1
ISR,1996,58,0,0,1
ISR,2000,52,0,0,1
ISR,2004,14,1,0,1
ISR,2008,38,0,0,1
ISV,1988,40,0,1,0
ITA,1900,6,2,2,0
ITA,1908,17,2,5,0
ITA,1912,10,18,1,2
ITA,1920,4,68,9,7
ITA,1924,22,25,5,21
ITA,1928,8,18,21,31
ITA,1932,23,21,38,18
ITA,1936,29,36,30,5
ITA,1948,32,20,31,12
ITA,1952,43,17,21,15
ITA,1956,12,25,11,10
ITA,1960,39,36,18,34
ITA,1964,7,13,28,9
ITA,1968,19,5,8,19
ITA,1972,15,9,3,13
ITA,1976,39,2,25,4
ITA,1980,15,8,21,8
ITA,1984,17,29,6,28
ITA,1988,9,11,10,8
ITA,1992,9,22,10,14
ITA,1996,46,19,24,28
ITA,2000,29,22,14,29
ITA,2004,26,24,39,39
ITA,2008,59,8,14,20
JAM,1948,18,1,2,0
JAM,1952,26,5,3,0
JAM,1968,36,0,1,0
JAM,1972,9,0,0,1
JAM,1976,9,1,1,0
JAM,1980,36,0,0,3
JAM,1984,18,0,4,2
JAM,1988,24,0,5,0
JAM,1992,46,0,3,1
JAM,1996,57,1,3,12
JAM,2000,12,0,14,9
JAM,2004,35,6,1,6
JAM,2008,9,9,3,5
JPN,1920,8,0,3,0
JPN,1924,23,0,0,1
JPN,1928,17,2,5,1
JPN,1932,16,10,17,4
JPN,1936,15,9,4,8
JPN,1952,40,1,9,2
JPN,1956,22,4,15,5
JPN,1960,37,9,10,10
JPN,1964,5,32,5,27
JPN,1968,38,16,29,22
JPN,1972,36,29,19,8
JPN,1976,8,25,6,10
JPN,1984,44,10,8,31
JPN,1988,6,4,3,13
JPN,1992,5,3,8,36
JPN,1996,73,3,26,14
JPN,2000,72,5,30,8
JPN,2004,10,21,20,53
JPN,2008,19,23,11,17
KAZ,1996,19,3,4,4
KAZ,2000,39,3,4,0
KAZ,2004,72,1,4,3
KAZ,2008,4,2,4,7
KEN,1964,36,0,0,1
KEN,1968,21,3,7,2
KEN,1972,42,5,3,4
KEN,1984,25,1,0,2
KEN,1988,15,5,2,2
KEN,1992,31,2,4,2
KEN,1996,22,1,4,3
KEN,2000,38,2,3,2
KEN,2004,9,1,4,2
KEN,2008,24,6,4,4
KGZ,2000,48,0,0,1
KGZ,2008,56,0,1,1
KOR,1948,4,0,0,2
KOR,1952,23,0,0,2
KOR,1956,32,0,1,1
KOR,1964,37,0,2,1
KOR,1968,11,0,1,1
KOR,1972,23,0,1,0
KOR,1976,18,1,1,15
KOR,1984,20,6,29,7
KOR,1988,51,28,37,12
KOR,1992,14,28,5,16
KOR,1996,7,10,49,7
KOR,2000,25,12,26,35
KOR,2004,7,14,28,10
KOR,2008,83,41,11,26
KSA,2000,56,0,1,1
KUW,2000,60,0,0,1
LAT,1932,10,0,1,0
LAT,1936,4,0,1,1
LAT,1992,21,0,2,1
LAT,1996,71,0,1,0
LAT,2000,62,1,1,1
LAT,2004,13,0,4,0
LAT,2008,54,1,1,1
LIB,1952,35,0,1,1
LIB,1972,14,0,1,0
LIB,1980,20,0,0,1
LTU,1992,42,1,0,12
LTU,1996,49,0,0,12
LTU,2000,69,2,0,15
LTU,2004,18,1,2,0
LTU,2008,80,0,2,3
LUX,1920,15,0,1,0
LUX,1952,22,1,0,0
MAR,1960,5,0,1,0
MAR,1984,33,2,0,0
MAR,1988,7,1,0,2
MAR,1992,28,1,1,1
MAR,1996,40,0,0,2
MAR,2000,13,0,1,4
MAR,2004,58,2,1,0
MAR,2008,60,0,1,1
MAS,1992,58,0,0,2
MAS,1996,52,0,2,1
MAS,2008,52,0,1,0
MDA,1996,26,0,2,1
MDA,2000,32,0,1,1
MDA,2008,67,0,0,1
MEX,1932,7,0,2,0
MEX,1936,19,0,0,16
MEX,1948,37,4,1,4
MEX,1952,16,0,1,0
MEX,1956,10,1,0,1
MEX,1960,9,0,0,1
MEX,1964,33,0,0,1
MEX,1968,14,3,3,3
MEX,1972,28,0,1,0
MEX,1976,7,1,0,1
MEX,1980,1,0,1,11
MEX,1984,37,2,3,1
MEX,1988,25,0,0,2
MEX,1992,51,0,1,0
MEX,1996,16,0,0,1
MEX,2000,67,1,2,3
MEX,2004,12,0,3,1
MEX,2008,14,2,0,2
MGL,1968,17,0,1,3
MGL,1972,11,0,1,0
MGL,1976,15,0,1,0
MGL,1980,8,0,2,2
MGL,1988,13,0,0,1
MGL,1992,19,0,0,2
MGL,1996,41,0,0,1
MGL,2004,22,0,0,1
MGL,2008,7,2,2,0
MKD,2000,50,0,0,1
MOZ,1996,37,0,0,1
MOZ,2000,65,1,0,0
MRI,2008,15,0,0,1
NAM,1992,53,0,2,0
NAM,1996,62,0,2,0
NED,1900,1,0,5,15
NED,1908,12,0,0,11
NED,1912,13,0,0,22
NED,1920,18,14,10,24
NED,1924,16,8,1,17
NED,1928,3,20,39,6
NED,1932,21,2,10,0
NED,1936,17,9,7,21
NED,1948,33,8,2,32
NED,1952,4,0,18,0
NED,1960,30,0,1,2
NED,1964,9,5,9,16
NED,1968,26,6,7,1
NED,1972,13,3,1,2
NED,1976,21,0,2,13
NED,1980,31,0,1,5
NED,1984,10,20,6,14
NED,1988,45,3,5,36
NED,1992,18,5,20,8
NED,1996,43,38,9,26
NED,2000,79,27,29,23
NED,2004,37,4,50,22
NED,2008,16,40,18,4
NGR,1964,1,0,0,1
NGR,1972,1,0,0,1
NGR,1984,15,0,1,4
NGR,1992,57,0,7,4
NGR,1996,78,19,4,3
NGR,2000,71,0,8,0
NGR,2004,16,0,0,8
NGR,2008,43,0,18,6
NIG,1972,47,0,0,1
NOR,1900,18,0,6,3
NOR,1908,5,7,34,3
NOR,1912,5,41,6,29
NOR,1920,11,58,56,27
NOR,1924,3,16,7,3
NOR,1928,22,4,4,1
NOR,1936,28,1,12,15
NOR,1948,34,3,4,11
NOR,1952,11,5,8,0
NOR,1956,11,1,0,2
NOR,1960,40,2,0,0
NOR,1968,35,4,2,0
NOR,1972,8,2,2,4
NOR,1976,1,2,4,0
NOR,1984,34,0,1,3
NOR,1988,18,2,21,0
NOR,1992,3,2,20,1
NOR,1996,24,2,3,20
NOR,2000,41,21,4,19
NOR,2004,23,5,0,2
NOR,2008,28,16,5,1
NZL,1920,13,0,0,1
NZL,1924,8,0,0,1
NZL,1928,6,1,0,0
NZL,1932,4,0,2,0
NZL,1936,24,1,0,0
NZL,1952,27,1,0,2
NZL,1956,31,3,0,0
NZL,1960,25,2,0,1
NZL,1964,25,4,0,2
NZL,1968,30,5,0,2
NZL,1972,35,9,4,1
NZL,1976,30,17,1,9
NZL,1984,16,16,1,6
NZL,1988,17,4,4,16
NZL,1992,20,1,9,5
NZL,1996,68,3,2,4
NZL,2000,22,1,0,3
NZL,2004,66,4,2,0
NZL,2008,48,4,2,8
PAK,1956,1,0,14,0
PAK,1960,34,13,0,1
PAK,1964,14,0,16,0
PAK,1968,12,13,0,0
PAK,1972,40,0,15,0
PAK,1976,35,0,0,16
PAK,1984,9,16,0,0
PAK,1988,47,0,0,1
PAK,1992,22,0,0,16
PAN,1948,1,0,0,2
PAN,2008,42,1,0,0
PAR,2004,65,0,17,0
PER,1948,36,1,0,0
PER,1984,43,0,1,0
PER,1988,27,0,12,0
PER,1992,6,0,1,0
PHI,1928,32,0,0,1
PHI,1932,13,0,0,3
PHI,1936,13,0,0,1
PHI,1964,11,0,1,0
PHI,1988,36,0,0,1
PHI,1992,15,0,0,1
PHI,1996,70,0,1,0
POL,1924,13,0,4,1
POL,1928,28,1,3,14
POL,1932,17,2,3,14
POL,1936,5,0,5,4
POL,1948,16,0,0,1
POL,1952,17,1,2,1
POL,1956,17,1,9,9
POL,1960,15,4,11,15
POL,1964,28,10,13,25
POL,1968,39,5,2,30
POL,1972,43,27,8,11
POL,1976,34,18,29,26
POL,1980,29,3,25,22
POL,1988,50,2,9,10
POL,1992,56,5,18,19
POL,1996,61,7,7,7
POL,2000,59,7,10,7
POL,2004,68,4,2,6
POL,2008,18,6,13,1
POR,1924,12,0,0,3
POR,1936,22,0,0,3
POR,1948,23,0,2,3
POR,1952,42,0,0,2
POR,1960,12,0,2,0
POR,1976,41,0,2,0
POR,1984,19,1,0,2
POR,1988,46,1,0,0
POR,1996,27,1,0,2
POR,2000,1,0,0,2
POR,2004,60,0,2,1
POR,2008,45,1,1,0
PRK,1972,26,1,1,13
PRK,1976,16,1,1,0
PRK,1980,26,0,3,2
PRK,1992,40,4,0,6
PRK,1996,55,2,1,2
PRK,2000,68,0,1,3
PRK,2004,53,0,4,1
PRK,2008,66,2,1,3
PUR,1948,6,0,0,1
PUR,1976,24,0,0,1
PUR,1984,22,0,1,1
PUR,1992,34,0,0,1
PUR,1996,28,0,0,1
QAT,1992,32,0,0,1
QAT,2000,11,0,0,1
ROU,1924,24,0,0,23
ROU,1936,14,0,2,0
ROU,1952,1,1,1,2
ROU,1956,27,6,3,10
ROU,1960,1,3,1,11
ROU,1964,17,2,4,10
ROU,1968,32,5,9,9
ROU,1972,33,3,10,27
ROU,1976,28,4,28,23
ROU,1980,18,7,15,50
ROU,1984,24,40,31,35
ROU,1988,31,8,30,13
ROU,1992,30,8,31,14
ROU,1996,2,13,10,15
ROU,2000,6,27,6,13
ROU,2004,57,23,5,11
ROU,2008,26,5,1,16
RSA,1908,15,1,1,0
RSA,1912,14,5,2,0
RSA,1920,14,3,12,6
RSA,1924,15,1,1,1
RSA,1928,21,1,0,5
RSA,1932,19,2,0,3
RSA,1936,20,0,1,0
RSA,1948,27,2,1,1
RSA,1952,8,2,8,4
RSA,1956,26,0,0,7
RSA,1960,7,0,1,2
RSA,1992,44,0,3,0
RSA,1996,64,3,1,1
RSA,2000,58,0,2,3
RSA,2004,45,4,3,3
RSA,2008,29,0,1,0
RU1,1908,1,1,2,0
RU1,1912,1,0,5,9
RUS,1996,14,36,45,34
RUS,2000,40,66,68,54
RUS,2004,19,47,49,96
RUS,2008,23,43,44,56
SCG,2004,67,0,14,0
SEN,1988,19,0,1,0
SIN,1960,36,0,1,0
SIN,2008,30,0,3,0
SLO,1992,11,0,0,6
SLO,1996,5,0,2,0
SLO,2000,24,3,0,0
SLO,2004,43,0,2,3
SLO,2008,53,1,2,2
SRB,2008,77,0,1,14
SRI,1948,8,0,1,0
SRI,2000,18,0,1,0
SUD,2008,6,0,1,0
SUI,1896,2,1,2,0
SUI,1900,10,13,1,1
SUI,1904,6,1,0,1
SUI,1920,7,6,2,21
SUI,1924,20,13,31,21
SUI,1928,5,16,8,5
SUI,1932,20,0,1,0
SUI,1936,23,1,22,24
SUI,1948,17,5,22,5
SUI,1952,30,2,19,12
SUI,1956,7,0,0,3
SUI,1960,29,0,5,6
SUI,1964,29,1,4,1
SUI,1968,9,0,3,10
SUI,1972,7,0,8,0
SUI,1976,36,1,3,6
SUI,1980,25,2,0,0
SUI,1984,46,0,9,6
SUI,1988,11,0,6,2
SUI,1992,45,1,0,0
SUI,1996,20,5,6,0
SUI,2000,70,1,11,2
SUI,2004,74,1,2,4
SUI,2008,74,3,0,8
SUR,1988,34,1,0,0
SUR,1992,62,0,0,1
SVK,1996,42,1,1,1
SVK,2000,49,2,3,1
SVK,2004,5,3,2,5
SVK,2008,46,4,5,1
SWE,1900,2,0,0,1
SWE,1908,2,69,18,11
SWE,1912,11,86,62,25
SWE,1920,3,53,36,57
SWE,1924,6,6,25,49
SWE,1928,20,7,8,21
SWE,1932,18,12,7,12
SWE,1936,6,7,11,16
SWE,1948,30,29,15,29
SWE,1952,10,23,24,23
SWE,1956,25,14,14,6
SWE,1960,21,2,2,3
SWE,1964,40,3,4,8
SWE,1968,1,4,4,1
SWE,1972,10,4,9,8
SWE,1976,22,9,1,0
SWE,1980,12,3,6,9
SWE,1984,26,3,18,11
SWE,1988,43,0,5,11
SWE,1992,50,1,27,7
SWE,1996,50,3,23,5
SWE,2000,53,4,20,8
SWE,2004,33,5,5,2
SWE,2008,68,0,5,2
SYR,1984,32,0,1,0
SYR,1996,56,1,0,0
SYR,2004,49,0,0,1
TAN,1980,6,0,2,0
TCH,1920,21,0,0,10
TCH,1924,18,1,4,5
TCH,1928,12,2,12,2
TCH,1932,24,1,2,1
TCH,1936,30,5,12,0
TCH,1948,25,14,3,3
TCH,1952,31,11,4,10
TCH,1956,18,1,5,1
TCH,1960,14,4,7,11
TCH,1964,12,5,38,12
TCH,1968,24,7,7,15
TCH,1972,12,2,21,6
TCH,1976,26,2,4,9
TCH,1980,2,18,18,16
TCH,1988,1,3,4,3
TCH,1992,52,4,3,1
TGA,1996,67,0,1,0
THA,1976,10,0,0,1
THA,1984,30,0,1,0
THA,1988,23,0,0,1
THA,1992,55,0,0,1
THA,1996,63,1,0,1
THA,2000,42,1,0,2
THA,2004,48,3,1,4
THA,2008,44,2,2,0
TJK,2008,84,0,1,1
TOG,2008,31,0,0,1
TPE,1960,43,0,1,0
TPE,1968,13,0,0,1
TPE,1984,41,0,0,1
TPE,1992,43,0,20,0
TPE,1996,69,0,1,0
TPE,2000,54,0,1,4
TPE,2004,59,2,4,3
TPE,2008,62,0,0,4
TRI,1948,24,0,1,0
TRI,1952,32,0,0,2
TRI,1964,22,0,1,5
TRI,1976,14,1,0,0
TRI,1996,39,0,0,2
TRI,2000,61,0,1,1
TRI,2004,27,0,0,1
TRI,2008,76,0,5,0
TUN,1964,8,0,1,1
TUN,1968,31,1,0,1
TUN,1972,24,0,1,0
TUN,1996,59,0,0,1
TUN,2008,58,1,0,0
TUR,1936,18,1,0,1
TUR,1948,21,6,4,2
TUR,1952,29,2,0,1
TUR,1956,28,3,2,2
TUR,1960,26,7,2,0
TUR,1964,26,2,3,1
TUR,1968,43,2,0,0
TUR,1972,29,0,1,0
TUR,1984,42,0,0,3
TUR,1988,35,1,1,0
TUR,1992,47,2,2,2
TUR,1996,44,4,1,1
TUR,2000,36,3,0,2
TUR,2004,36,3,3,4
TUR,2008,57,1,4,3
UAE,2004,63,1,0,0
UGA,1968,29,0,1,1
UGA,1972,34,1,1,0
UGA,1980,21,0,1,0
UGA,1996,29,0,0,1
UKR,1996,66,10,5,19
UKR,2000,66,3,20,12
UKR,2004,38,9,8,31
UKR,2008,40,10,5,16
URS,1952,24,36,62,19
URS,1956,37,68,46,55
URS,1960,22,61,63,45
URS,1964,21,61,63,50
URS,1968,22,66,62,60
URS,1972,32,107,46,58
URS,1976,29,113,93,79
URS,1980,10,192,127,123
URS,1988,33,134,65,95
URU,1924,5,22,0,0
URU,1928,14,22,0,0
URU,1932,14,0,0,1
URU,1948,26,0,1,2
URU,1952,9,0,0,14
URU,1956,23,0,0,12
URU,1964,31,0,0,1
URU,2000,26,0,1,0
USA,1896,6,11,7,2
USA,1900,11,27,14,14
USA,1904,9,146,137,111
USA,1908,11,34,14,15
USA,1912,2,45,25,31
USA,1920,1,110,45,38
USA,1924,19,110,37,51
USA,1928,19,43,24,17
USA,1932,1,78,44,59
USA,1936,2,51,26,15
USA,1948,7,83,30,35
USA,1952,28,79,23,28
USA,1956,2,61,37,20
USA,1960,32,68,23,21
USA,1964,2,78,36,36
USA,1968,27,83,31,35
USA,1972,2,53,59,43
USA,1976,3,63,56,36
USA,1984,2,168,115,50
USA,1988,2,77,64,52
USA,1992,1,89,50,85
USA,1996,18,160,48,52
USA,2000,51,130,66,52
USA,2004,46,116,75,73
USA,2008,55,125,109,81
UZB,1996,53,0,1,1
UZB,2000,77,1,1,2
UZB,2004,73,2,1,2
UZB,2008,21,1,2,3
VEN,1952,5,0,0,1
VEN,1960,3,0,0,1
VEN,1968,3,1,0,0
VEN,1976,27,0,1,0
VEN,1980,32,0,1,0
VEN,1984,11,0,0,3
VEN,2004,17,0,0,2
VEN,2008,82,0,0,1
VIE,2000,16,0,1,0
VIE,2008,72,0,1,0
YUG,1924,2,2,0,0
YUG,1928,2,1,1,10
YUG,1936,21,0,1,0
YUG,1948,2,0,16,0
YUG,1952,3,4,20,0
YUG,1956,4,0,23,0
YUG,1960,4,16,1,0
YUG,1964,4,2,11,2
YUG,1968,4,13,14,2
YUG,1972,3,15,1,2
YUG,1976,4,2,14,3
YUG,1980,24,13,27,17
YUG,1984,31,47,5,35
YUG,1988,3,15,27,21
YUG,1996,76,1,12,13
YUG,2000,4,12,1,13
ZAM,1984,4,0,0,1
ZAM,1996,4,0,1,0
ZIM,1980,4,16,0,0
ZIM,2004,4,1,1,1
ZIM,2008,5,1,3,0
ZZX,1896,5,2,2,2
ZZX,1900,12,18,8,8
ZZX,1904,2,3,5,0
